NAME,avg_household_size,total_occupied_units,owner_occupied_units,renter_occupied_units,total_units_bedroom_table,units_0br,units_1br,units_2br,units_3br,units_4br,units_5plus_br,total_occ_per_room_base,owner_1.01_to_1.5_per_room,owner_1.51_to_2_per_room,owner_over_2_per_room,renter_1.01_to_1.5_per_room,renter_1.51_to_2_per_room,renter_over_2_per_room,tenure_age_base,owner_65_to_74,owner_75_to_84,owner_85_plus,moved_in_base,owner_moved_2000_2009,owner_moved_1990_1999,owner_moved_1989_earlier,renter_total_cost_burden_base,renter_30_34_9pct,renter_35_39_9pct,renter_40_49_9pct,renter_50plus_pct,owner_total_cost_burden_base,owner_mtg_30_34_9pct,owner_mtg_35_39_9pct,owner_mtg_40_49_9pct,owner_mtg_50plus_pct,owner_mtg_not_computed,owner_nomtg_30_34_9pct,owner_nomtg_35_39_9pct,owner_nomtg_40_49_9pct,owner_nomtg_50plus_pct,owner_nomtg_not_computed,state,county,tract,avg_bedrooms,pct_overcrowded,pct_owner_65plus_long_tenure,pct_hh_25_34_doubled_up,pct_cost_burdened,bedroom_mismatch,bedroom_mismatch_norm,pct_overcrowded_norm,pct_owner_65plus_long_tenure_norm,pct_cost_burdened_norm,demand_score,ams_res,res_vac,nostat_res,pct_residential_vacant,pct_no_stat,pct_vacant_12mo_plus
Census Tract 9.01; El Paso County; Texas,2.96,1752,756,996,1797,31,454,531,616,153,12,1752,12,0,0,407,47,0,1752,201,82,38,1752,232,123,105,996,69,62,57,179,756,13,38,0,19,0,41,45,0,0,0,48,141,48141000901,2.2459654980523096,0.2659817351598174,0.13013698630136986,,0.2985159817351598,0.7140345019476904,0.5579347134396685,1.0,0.34560970132494945,0.3341790783685025,0.5815341376112967,1751,68,12,0.038834951456310676,0.006853226727584237,0.8823529411764706
Census Tract 103.44; El Paso County; Texas,4.36,853,683,170,929,0,14,204,453,209,49,853,63,0,0,0,0,0,853,153,32,44,853,134,119,202,170,0,11,38,22,683,85,0,0,20,0,16,11,42,0,44,48,141,48141010344,3.0807319698600644,0.0738569753810082,0.268464243845252,,0.30284301606922126,1.279268030139936,1.0,0.27767686881443426,0.7129706148021447,0.34184740892193727,0.5470075665753508,1388,0,316,0.0,0.2276657060518732,
Census Tract 102.32; El Paso County; Texas,3.86,1097,840,257,1205,87,98,85,397,487,51,1097,16,0,0,47,57,0,1097,148,65,0,1097,304,339,61,257,0,0,47,105,840,39,0,36,134,0,73,0,40,0,24,48,141,48141010232,3.0390041493775932,0.10938924339106655,0.19416590701914313,,0.44175209692451073,0.8209958506224067,0.6415884545827203,0.4112659966119068,0.5156537202803473,0.5880208077524323,0.527616121908311,2735,0,1624,0.0,0.5937842778793418,
Census Tract 105.01; El Paso County; Texas,3.64,1530,1346,184,1743,31,57,386,863,344,62,1530,185,18,15,33,0,0,1530,151,92,4,1530,347,147,217,184,0,35,0,29,1346,145,59,80,20,47,77,47,0,0,20,48,141,48141010501,2.9282845668387836,0.16405228758169935,0.16143790849673204,,0.3362952836637047,0.7117154331612165,0.5561209855616984,0.6167802743414962,0.42873674059787853,0.40113121068361046,0.5037252672351609,1805,0,175,0.0,0.09695290858725762,
Census Tract 105.04; El Paso County; Texas,3.57,501,483,18,529,46,0,48,346,89,0,501,17,29,27,0,0,0,501,100,31,16,501,97,117,158,18,0,0,0,0,483,0,0,0,0,0,68,13,0,0,0,48,141,48141010504,2.816635160680529,0.14570858283433133,0.2934131736526946,,0.16167664670658682,0.7533648393194707,0.5886947019994008,0.5478142427591168,0.7792284283891233,0.0916736641056171,0.4998087363513003,210,0,210,0.0,1.0,
Census Tract 104.12; El Paso County; Texas,3.47,1366,958,408,1524,177,70,320,441,389,127,1366,103,0,5,0,95,44,1366,175,44,26,1366,313,217,307,408,59,0,15,36,958,19,17,0,0,27,124,26,27,0,11,48,141,48141010412,2.7716535433070866,0.1808199121522694,0.17935578330893118,,0.24322289156626506,0.6983464566929136,0.5456652002646369,0.6798207856025235,0.4763219163286369,0.23618917119390953,0.49120704761432105,1207,0,124,0.0,0.10273405136702568,
Census Tract 103.57; El Paso County; Texas,3.93,1941,1665,276,1989,104,0,187,1307,391,0,1941,235,18,76,78,0,0,1941,29,0,18,1941,642,507,155,276,12,61,0,83,1665,41,89,65,51,140,65,0,0,25,80,48,141,48141010357,2.9457013574660635,0.20968572900566718,0.024214322514167955,,0.28588030214991283,0.9842986425339366,0.7693064541383295,0.7883463459612208,0.06430688929992145,0.3117862429190057,0.48438847767076393,3111,0,131,0.0,0.04210864673738348,
Census Tract 40.08; El Paso County; Texas,2.81,1232,629,603,1322,77,197,293,629,116,10,1232,50,0,25,48,26,53,1232,208,49,0,1232,68,200,146,603,25,0,220,77,629,23,18,0,0,45,0,11,0,0,59,48,141,48141004008,2.4084720121028744,0.16396103896103897,0.2086038961038961,,0.33156028368794327,0.4015279878971256,0.3135255006182618,0.6164372108578117,0.5539972322759208,0.3927398871623655,0.48432054324056745,3133,24,1519,0.007660389403127992,0.4848388126396425,0.8333333333333334
Census Tract 30; El Paso County; Texas,3.46,1244,467,777,1474,16,261,311,696,150,40,1244,38,0,7,102,14,0,1244,77,141,50,1244,104,80,49,777,47,44,92,250,467,0,0,22,0,0,11,12,12,0,0,48,141,48141003000,2.5583446404341927,0.12942122186495178,0.10369774919614148,,0.39389067524115756,0.9016553595658072,0.7046717062944845,0.48657935774119204,0.27539402245532657,0.5032012352946396,0.481556963018746,3041,46,1638,0.015126603091088459,0.538638605721802,0.8695652173913043
Census Tract 18; El Paso County; Texas,2.15,397,25,372,448,125,137,168,18,0,0,397,0,0,0,5,18,24,397,19,0,0,397,0,0,6,372,6,22,41,137,25,0,0,0,0,0,0,0,0,0,0,48,141,48141001800,1.1763392857142858,0.11838790931989925,0.015113350125944584,,0.5188916876574308,0.9736607142857141,0.7609866030238726,0.44509789083361256,0.04013709377709873,0.7247268828210527,0.47694268200439616,603,30,15,0.04975124378109453,0.024875621890547265,1.0
Census Tract 11.09; El Paso County; Texas,2.63,2045,1735,310,2181,23,35,204,749,723,447,2045,12,0,0,8,0,0,2045,442,196,160,2045,482,576,175,310,50,9,26,30,1735,128,41,25,27,118,53,13,43,61,19,48,141,48141001109,3.584135717560752,0.009779951100244499,0.3672371638141809,,0.26519916142557654,0.9541357175607521,0.745716236278441,0.036769258213794766,0.9752855825884804,0.2751353150426244,0.47277924912760283,2052,7,14,0.00341130604288499,0.00682261208576998,0.8571428571428571
Census Tract 28; El Paso County; Texas,2.52,1529,471,1058,1919,123,450,803,496,47,0,1529,16,0,0,126,73,0,1529,13,70,163,1529,57,92,13,1058,69,73,77,403,471,0,0,0,13,0,23,25,0,0,66,48,141,48141002800,1.9447628973423658,0.1406147809025507,0.06867233485938522,,0.46684894053315107,0.5752371026576342,0.4493822142855159,0.5286632964404909,0.1823757089708263,0.6324972037736007,0.4521936599753572,2387,409,39,0.17134478424801006,0.016338500209467952,0.9828850855745721
Census Tract 4.03; El Paso County; Texas,2.78,1438,882,556,1507,49,61,240,841,305,11,1438,14,0,24,7,19,0,1438,251,26,26,1438,194,133,305,556,47,120,17,170,882,281,55,0,10,3,59,4,173,0,5,48,141,48141000403,2.8792302587923024,0.04450625869262865,0.21070931849791377,,0.6545454545454545,0.09923025879230263,0.07710050886191751,0.16732825156541928,0.5595886819124923,0.965131244100885,0.4467985587453536,2523,18,1271,0.007134363852556481,0.5037653586999604,1.0
Census Tract 40.07; El Paso County; Texas,3.13,1027,515,512,1075,0,191,213,460,189,22,1027,0,0,0,103,26,0,1027,211,65,0,1027,13,94,167,512,0,0,56,134,515,9,22,6,19,0,10,0,0,0,0,48,141,48141004007,2.6632558139534885,0.12560856864654332,0.25413826679649465,,0.249269717624148,0.46674418604651136,0.36453064430725757,0.47224509070545895,0.6749245773939694,0.24690530086405388,0.445037125637595,1163,7,0,0.0060189165950128975,0.0,0.8571428571428571
Census Tract 15.02; El Paso County; Texas,2.06,972,684,288,1109,20,66,362,407,201,53,972,0,0,0,0,1,0,972,168,84,0,972,142,295,58,288,12,27,0,104,684,55,139,10,13,0,9,39,0,39,0,48,141,48141001502,2.777276825969342,0.00102880658436214,0.25925925925925924,,0.45987654320987653,0.7172768259693418,0.5604705129389249,0.0038679595188894187,0.6885245901639344,0.6201407851975161,0.4404208342838144,1569,1,34,0.0006373486297004461,0.021669853409815167,1.0
Census Tract 17; El Paso County; Texas,1.78,310,4,306,388,149,154,54,31,0,0,310,0,0,0,7,12,22,310,0,4,0,310,0,0,0,306,26,15,29,69,4,0,0,0,0,0,4,0,0,0,0,48,141,48141001700,0.9149484536082474,0.13225806451612904,0.0,,0.4612903225806452,0.8650515463917526,0.6760441137103345,0.49724491208639066,0.0,0.6226462720293031,0.44004386437530985,3095,20,2536,0.006462035541195477,0.8193861066235865,0.9
Census Tract 38.04; El Paso County; Texas,3.36,1049,542,507,1138,29,83,203,676,111,36,1049,8,30,0,97,9,0,1049,172,74,0,1049,125,62,118,507,0,15,21,139,542,0,40,10,7,13,17,0,46,0,0,48,141,48141003804,2.760105448154657,0.13727359389895138,0.17159199237368922,,0.28474903474903474,0.5998945518453427,0.4686666370901444,0.5161015804956284,0.45570332400881397,0.30978142120867835,0.4399349878710904,1438,14,20,0.009735744089012517,0.013908205841446454,0.9285714285714286
Census Tract 4.04; El Paso County; Texas,2.57,1274,110,1164,1665,33,469,901,247,15,0,1274,18,0,0,68,16,0,1274,5,32,0,1274,8,23,32,1164,127,47,162,402,110,0,8,0,0,26,0,0,0,0,0,48,141,48141000404,1.845045045045045,0.08006279434850863,0.029042386185243328,,0.5977564102564102,0.7249549549549548,0.5664755252408804,0.3010086173789423,0.0771289600329413,0.86449022075747,0.4390024854594616,1823,71,341,0.038946791003839826,0.1870543060888645,0.9859154929577465
Census Tract 104.04; El Paso County; Texas,3.15,1706,1240,466,1860,4,120,354,961,367,54,1706,22,0,0,56,111,0,1706,394,156,22,1706,133,314,366,466,0,45,22,63,1240,35,5,8,0,44,157,49,7,0,14,48,141,48141010404,2.9295698924731184,0.11078546307151231,0.33528722157092616,,0.23725728155339806,0.22043010752688152,0.1718900837713832,0.41651530322165137,0.8904349163031153,0.22561697185371946,0.43834557975998073,4057,0,2043,0.0,0.5035740695094898,
Census Tract 1.08; El Paso County; Texas,2.65,1523,569,954,1601,134,179,469,665,147,7,1523,11,0,0,133,38,23,1523,52,84,9,1523,112,83,115,954,50,14,275,144,569,93,22,42,31,29,49,12,0,11,9,48,141,48141000108,2.3329169269206744,0.1346027577150361,0.09520682862770848,,0.5003367003367003,0.3170830730793255,0.24748170879493422,0.506060153469406,0.25284436455227494,0.691843904502598,0.4374864550635269,1759,20,61,0.01137009664582149,0.03467879476975554,0.95
Census Tract 102.22; El Paso County; Texas,2.99,650,560,90,711,67,18,147,355,92,32,650,33,5,0,0,4,0,650,164,61,8,650,181,78,196,90,0,0,0,20,560,53,0,0,4,7,29,22,45,0,30,48,141,48141010222,2.679324894514768,0.06461538461538462,0.35846153846153844,,0.2822185970636215,0.31067510548523236,0.24247008105265946,0.24293166061406402,0.9519798234552332,0.30529700275517285,0.4356927209473526,747,0,68,0.0,0.09103078982597054,
Census Tract 23; El Paso County; Texas,2.75,1406,835,571,1879,81,205,707,674,155,57,1406,26,0,0,108,14,0,1406,88,91,95,1406,121,151,281,571,0,48,108,127,835,80,15,37,0,32,57,52,36,10,5,48,141,48141002300,2.419372006386376,0.10526315789473684,0.19487908961593173,,0.4163623082542001,0.33062799361362405,0.25807509874577783,0.39575333182742256,0.5175477461931302,0.5430252571802584,0.43548427014072943,1869,34,20,0.01819154628143392,0.010700909577314071,0.9117647058823529
Census Tract 40.05; El Paso County; Texas,3.18,1807,1184,623,1945,120,24,312,1261,202,26,1807,25,0,0,187,0,0,1807,196,170,0,1807,48,392,123,623,134,0,0,148,1184,93,32,0,47,38,95,10,9,25,36,48,141,48141004005,2.7604113110539847,0.11732152739346983,0.20254565578306585,,0.3421811886901327,0.4195886889460154,0.32765065170438495,0.4410886609299552,0.5379081350304372,0.41156215757799486,0.4352243017719715,2040,7,54,0.003431372549019608,0.026470588235294117,0.5714285714285714
Census Tract 37.01; El Paso County; Texas,2.77,1557,960,597,1590,68,160,437,748,112,65,1557,37,8,0,92,50,0,1557,206,121,163,1557,172,213,40,597,27,0,11,313,960,61,19,0,51,28,97,53,44,6,51,48,141,48141003701,2.5477987421383648,0.12010276172125883,0.16249197174052665,,0.4614343707713126,0.22220125786163525,0.17327528836598402,0.45154514707220056,0.4315360560977921,0.6229015529113998,0.43372800404715495,1435,12,36,0.008362369337979094,0.025087108013937282,1.0
Census Tract 15.01; El Paso County; Texas,2.01,2139,1560,579,2339,367,201,411,821,502,37,2139,0,0,54,36,0,0,2139,320,117,62,2139,470,277,287,579,104,45,64,153,1560,235,163,0,6,53,0,139,81,17,0,48,141,48141001501,2.4279606669516887,0.04207573632538569,0.23328658251519402,,0.4827420901246405,0.4179606669516889,0.32637738680845735,0.15819032197870328,0.6195479732370727,0.6606628976862565,0.4327852916861347,2394,11,15,0.004594820384294068,0.006265664160401002,0.9090909090909091
Census Tract 35.02; El Paso County; Texas,2.64,1468,583,885,1625,0,257,648,550,145,25,1468,0,0,0,130,33,0,1468,134,86,28,1468,55,83,141,885,94,21,150,284,583,0,0,5,17,56,35,79,0,9,0,48,141,48141003502,2.404923076923077,0.11103542234332425,0.15258855585831063,,0.4915014164305949,0.23507692307692318,0.18334525829727097,0.41745506426073836,0.40523518113190693,0.6761860954133263,0.432260890073984,1731,3,53,0.0017331022530329288,0.030618139803581745,1.0
Census Tract 24; El Paso County; Texas,2.56,1218,787,431,1447,90,341,528,348,138,2,1218,0,0,0,27,16,53,1218,164,67,30,1218,231,103,146,431,16,22,0,140,787,16,136,22,0,11,21,0,105,3,21,48,141,48141002400,2.0753282653766414,0.07881773399014778,0.2044334975369458,,0.40556492411467115,0.48467173462335866,0.3785516577533191,0.2963276179200406,0.5429217475571347,0.5238902320563404,0.43131161183004485,1337,58,27,0.04338070306656694,0.02019446522064323,0.9482758620689655
Census Tract 43.03; El Paso County; Texas,2.81,1965,1468,497,1978,35,47,207,1015,640,34,1965,0,0,23,0,0,0,1965,351,169,127,1965,218,368,351,497,70,5,19,178,1468,212,100,23,23,42,38,58,24,92,0,48,141,48141004303,3.1526794742163804,0.011704834605597965,0.3292620865139949,,0.437857514300572,0.34267947421638034,0.2675004795139225,0.04400615928971595,0.8744337379551996,0.5811188641526472,0.430590094216661,2111,21,3,0.00994789199431549,0.0014211274277593558,0.8571428571428571
Census Tract 34.02; El Paso County; Texas,2.67,2226,850,1376,2591,196,480,1004,704,155,52,2226,0,38,0,117,61,0,2226,300,182,66,2226,17,289,75,1376,52,192,105,439,850,27,21,0,0,0,16,14,0,0,11,48,141,48141003402,2.1150135082979546,0.09703504043126684,0.16352201257861634,,0.3909706546275395,0.5549864917020453,0.43354434960021465,0.3648184352694839,0.43427157438911224,0.498026401549549,0.42922889448555346,3637,45,1226,0.012372834753918064,0.33709100907341216,0.9111111111111111
Census Tract 13.02; El Paso County; Texas,2.76,2318,2115,203,2604,37,0,206,961,906,494,2318,63,55,0,0,0,0,2318,344,268,137,2318,517,338,291,203,0,0,0,18,2115,80,97,112,32,210,54,15,66,0,159,48,141,48141001302,3.605606758832565,0.05090595340811044,0.2713546160483175,,0.2432016418676244,0.8456067588325653,0.6608364780062944,0.19138890637555683,0.7206466852430727,0.23615151267290943,0.4287835169929215,2664,53,25,0.019894894894894894,0.009384384384384385,0.6792452830188679
Census Tract 104.13; El Paso County; Texas,3.55,573,236,337,600,90,0,130,306,66,8,573,11,0,0,0,22,49,573,85,0,0,573,101,19,96,337,0,0,0,37,236,0,0,0,7,0,19,0,0,0,0,48,141,48141010413,2.47,0.1431064572425829,0.14834205933682373,,0.1099476439790576,1.0799999999999996,0.8441538329690822,0.5380311439678224,0.3939576002059909,0.0,0.42872950983566094,489,0,102,0.0,0.2085889570552147,
Census Tract 13.01; El Paso County; Texas,2.55,1217,961,256,1385,22,142,124,508,322,267,1217,6,0,22,0,0,0,1217,288,117,67,1217,247,246,132,256,0,13,0,122,961,73,33,33,9,34,17,11,11,19,11,48,141,48141001301,3.275812274368231,0.023007395234182416,0.3105998356614626,,0.2909556313993174,0.7258122743682311,0.5671460289056504,0.08649990654568153,0.8248716947074908,0.3207806948570423,0.42579227513596785,1562,4,38,0.002560819462227913,0.024327784891165175,1.0
Census Tract 8; El Paso County; Texas,2.35,2080,649,1431,2374,56,555,1106,580,39,38,2080,18,0,0,127,0,0,2080,195,55,41,2080,144,137,145,1431,42,151,476,367,649,21,30,0,0,44,32,15,0,32,13,48,141,48141000800,2.044229149115417,0.06971153846153846,0.13557692307692307,,0.5763717251606525,0.3057708508845831,0.23863449698471745,0.26209144932320894,0.36005674653215636,0.8265924779999124,0.4230166403269234,3100,97,598,0.03129032258064516,0.1929032258064516,0.9587628865979382
Census Tract 35.01; El Paso County; Texas,2.94,1211,511,700,1309,34,201,557,397,120,0,1211,0,24,0,138,10,0,1211,75,87,19,1211,115,67,69,700,65,34,51,117,511,0,0,0,0,24,69,10,0,8,0,48,141,48141003501,2.2811306340718107,0.14203137902559868,0.11230388109000826,,0.2982308340353833,0.6588693659281892,0.5147904368773869,0.5339892189975297,0.2982496514193662,0.3336737422307175,0.4211357014872572,1196,8,26,0.006688963210702341,0.021739130434782608,1.0
Census Tract 36.02; El Paso County; Texas,2.58,1094,290,804,1222,50,153,591,406,15,7,1094,7,0,6,137,0,0,1094,77,24,42,1094,62,33,21,804,53,38,47,322,290,6,5,37,0,25,5,5,0,0,9,48,141,48141003602,2.1669394435351883,0.13711151736745886,0.04936014625228519,,0.48867924528301887,0.41306055646481177,0.32254504382362675,0.5154922283858109,0.13108760152246232,0.6711846695943482,0.4197247450596712,1165,77,53,0.06609442060085836,0.045493562231759654,0.961038961038961
Census Tract 103.07; El Paso County; Texas,3.01,1845,1051,794,2141,64,132,321,1321,288,15,1845,167,0,14,0,10,40,1845,257,127,17,1845,101,298,161,794,173,16,90,73,1051,32,26,53,0,75,42,55,0,0,13,48,141,48141010307,2.785614198972443,0.12520325203252033,0.21734417344173443,,0.3187250996015936,0.224385801027557,0.17498380467381025,0.4707212394012352,0.5772091163534586,0.36999349166613865,0.413013784760032,2309,21,6,0.009094846253789519,0.00259852750108272,0.7619047619047619
Census Tract 105.05; El Paso County; Texas,2.62,810,633,177,980,61,85,320,382,132,0,810,21,0,0,0,20,0,810,169,80,70,810,55,103,202,177,0,0,20,54,633,0,0,46,0,0,104,0,0,0,20,48,141,48141010505,2.4479591836734693,0.050617283950617285,0.3765432098765432,,0.28354430379746837,0.1720408163265308,0.13404514921955518,0.19030360832935939,1.0,0.3076464080677279,0.41081171435965086,6,0,6,0.0,1.0,
Census Tract 104.06; El Paso County; Texas,3.31,850,748,102,995,71,20,115,490,254,45,850,46,0,5,0,0,0,850,82,67,100,850,96,236,218,102,0,17,0,60,748,0,0,28,0,0,0,165,0,0,0,48,141,48141010406,2.9758793969849244,0.06,0.29294117647058826,,0.3176470588235294,0.3341206030150756,0.26080664473321064,0.22557939914163086,0.7779749276759885,0.3680829976884957,0.4063496300302525,2844,0,2350,0.0,0.8263009845288326,
Census Tract 25; El Paso County; Texas,2.47,2045,1357,688,2340,99,206,894,938,203,0,2045,25,12,0,0,68,16,2045,228,258,46,2045,289,95,456,688,127,101,62,216,1357,123,41,0,12,89,77,100,23,14,12,48,141,48141002500,2.4017094017094016,0.05916870415647922,0.2601466992665037,,0.4609053497942387,0.06829059829059858,0.052902811443810226,0.22245401219345834,0.6908813980520262,0.6219640267887226,0.40552812215698675,2348,43,40,0.018313458262350937,0.017035775127768313,0.8604651162790697
Census Tract 39.02; El Paso County; Texas,2.75,955,645,310,1049,7,46,218,613,139,26,955,19,0,0,85,0,0,955,91,70,137,955,76,93,98,310,3,24,12,131,645,0,10,4,0,53,35,114,4,28,0,48,141,48141003902,2.8665395614871305,0.10890052356020942,0.2,,0.40465631929046564,0.11653956148713052,0.09063799642112345,0.4094285778486843,0.5311475409836066,0.5222800109218311,0.4043130606151894,948,59,30,0.06223628691983123,0.03164556962025317,0.864406779661017
Census Tract 103.11; El Paso County; Texas,2.93,2147,1594,553,2197,135,0,274,1527,261,0,2147,151,0,41,0,0,0,2147,506,72,0,2147,300,507,268,553,57,0,119,120,1594,87,127,0,0,100,68,50,54,0,87,48,141,48141010311,2.8097405553026853,0.08942710759198882,0.26921285514671633,,0.3479591836734694,0.12025944469731487,0.09354729170397831,0.33621521995958026,0.7149587300617712,0.42180186728390917,0.4037641736650899,2132,9,13,0.004221388367729831,0.006097560975609756,0.7777777777777778
Census Tract 43.18; El Paso County; Texas,2.44,1328,1219,109,1399,0,11,24,824,458,82,1328,29,0,0,0,0,0,1328,155,239,72,1328,256,196,161,109,12,14,0,9,1219,32,118,13,44,6,6,21,0,9,29,48,141,48141004318,3.411722659042173,0.021837349397590362,0.2688253012048193,,0.21500386697602475,0.971722659042173,0.75947086323868,0.08210093593257148,0.7139294884455857,0.18617967467800015,0.4015517442084039,1408,32,6,0.022727272727272728,0.004261363636363636,1.0
Census Tract 43.12; El Paso County; Texas,2.66,2203,1133,1070,2274,164,101,493,923,580,13,2203,0,15,27,177,0,52,2203,278,151,34,2203,192,409,232,1070,238,39,74,98,1133,102,0,113,23,15,28,16,12,41,0,48,141,48141004312,2.7445030782761655,0.1230140717203813,0.21016795279164777,,0.3583180987202925,0.08450307827616532,0.06558248144426991,0.462490673077485,0.5581509565942121,0.4401598415039632,0.4014413977366433,2265,23,93,0.010154525386313467,0.04105960264900662,0.6956521739130435
Census Tract 11.14; El Paso County; Texas,2.39,1879,550,1329,2344,140,767,422,764,238,13,1879,0,0,0,195,0,0,1879,130,80,12,1879,206,18,182,1329,68,128,148,452,550,22,18,0,14,3,15,26,0,0,0,48,141,48141001114,2.098976109215017,0.10377860564129857,0.10643959552953698,,0.47494669509594883,0.29102389078498314,0.22710100008977357,0.3901719250720066,0.2826756471440162,0.6468479701262756,0.39485268185712963,2650,39,116,0.01471698113207547,0.04377358490566038,1.0
Census Tract 2.08; El Paso County; Texas,3.3,1592,1082,510,1592,21,20,204,1075,260,12,1592,56,8,0,103,83,0,1592,100,40,9,1592,293,254,139,510,0,33,48,121,1082,108,31,51,69,35,12,43,19,0,10,48,141,48141000208,2.9855527638190953,0.157035175879397,0.0935929648241206,,0.345830639948287,0.31444723618090453,0.24542023873749905,0.5903983436495783,0.24855836559848424,0.41802968162001186,0.39285056264699736,1797,80,56,0.044518642181413465,0.031163049526989426,0.975
Census Tract 11.15; El Paso County; Texas,2.33,1856,278,1578,2106,330,314,1011,393,58,0,1856,0,0,2,138,102,0,1856,15,0,5,1856,20,70,32,1578,262,115,47,327,278,14,0,0,2,45,51,4,0,0,0,48,141,48141001115,1.7792022792022792,0.13038793103448276,0.010775862068965518,,0.45389287686361124,0.5507977207977208,0.43026834045037177,0.49021385230131714,0.028617863199547768,0.6095365865889146,0.39265643622758506,2557,24,86,0.009385999217833398,0.03363316386390301,0.875
Census Tract 34.03; El Paso County; Texas,2.64,2076,1067,1009,2337,202,283,707,991,136,18,2076,190,0,0,4,30,60,2076,163,225,32,2076,280,81,170,1009,0,105,86,117,1067,0,35,202,0,15,36,82,13,0,33,48,141,48141003403,2.269576379974326,0.13680154142581888,0.12090558766859345,,0.3333333333333333,0.3704236200256741,0.28919898668985494,0.5143268252747525,0.3210935279067564,0.3958820694791255,0.3913817442668672,2434,26,12,0.010682004930156122,0.0049301561216105174,0.9615384615384616
Census Tract 33; El Paso County; Texas,2.5,2006,1075,931,2268,139,241,815,943,130,0,2006,0,0,33,56,0,0,2006,189,259,98,2006,181,310,203,931,95,132,130,226,1075,26,114,57,0,0,38,9,19,0,0,48,141,48141003300,2.3015873015873014,0.04436689930209372,0.25573280159521433,,0.4217347956131605,0.1984126984126986,0.1546704182987665,0.16680430810572572,0.6791592435807331,0.5525463299941153,0.3889017694851831,2306,86,14,0.0372940156114484,0.006071118820468344,0.9767441860465116
Census Tract 10.01; El Paso County; Texas,2.57,1103,803,300,1253,98,151,499,394,109,2,1103,0,0,11,0,0,0,1103,165,107,47,1103,184,229,115,300,4,8,72,106,803,86,8,0,22,29,34,57,24,8,0,48,141,48141001001,2.2162809257781326,0.009972801450589302,0.28921124206708976,,0.3994413407821229,0.3537190742218672,0.27613447536966224,0.037494309316378656,0.7680692002437466,0.5130380738481554,0.3867520063918215,1279,44,9,0.03440187646598905,0.007036747458952306,0.9545454545454546
Census Tract 1.09; El Paso County; Texas,2.87,1070,817,253,1214,29,6,59,776,325,19,1070,36,0,10,0,0,0,1070,244,76,27,1070,121,247,153,253,26,11,0,41,817,26,88,17,41,12,26,8,14,0,0,48,141,48141000109,3.168863261943987,0.04299065420560748,0.32429906542056075,,0.28166351606805295,0.2988632619439868,0.2332321187955965,0.1616300990734427,0.861253255707063,0.30431329330677703,0.3865270907346121,1260,14,0,0.011111111111111112,0.0,0.9285714285714286
Census Tract 11.16; El Paso County; Texas,2.46,1012,136,876,1257,60,438,308,347,104,0,1012,0,0,0,66,12,0,1012,85,7,0,1012,0,35,72,876,137,103,49,122,136,0,61,0,0,7,17,0,0,0,0,48,141,48141001116,1.9976133651551313,0.07707509881422925,0.09090909090909091,,0.48656716417910445,0.46238663484486864,0.3611226332382463,0.28977590798826103,0.2414307004470939,0.6674416588368447,0.38637538886511225,1293,10,48,0.007733952049497293,0.037122969837587005,1.0
Census Tract 1.06; El Paso County; Texas,2.92,2094,1758,336,2148,0,0,92,1414,630,12,2094,56,0,0,50,0,0,2094,542,131,31,2094,392,424,226,336,63,39,0,56,1758,159,42,93,13,0,45,17,24,0,32,48,141,48141000106,3.2616387337057726,0.050620821394460364,0.3104106972301815,,0.2672162948593598,0.3416387337057727,0.26668652346016863,0.19031690790363637,0.8243693926440886,0.2787100604101095,0.38620224032667416,2389,23,2,0.009627459187944746,0.0008371703641691084,0.9130434782608695
Census Tract 26; El Paso County; Texas,2.78,953,494,459,1152,27,261,426,256,45,137,953,17,0,8,3,29,0,953,160,42,0,953,50,81,205,459,8,0,89,81,494,0,0,17,8,0,103,32,5,4,0,48,141,48141002600,2.3836805555555554,0.05981112277019937,0.21196222455403987,,0.3641133263378804,0.39631944444444445,0.3094519343149049,0.22486928560813152,0.5629160717664665,0.45043009072621654,0.3826877131685912,2066,87,896,0.04211035818005808,0.43368828654404645,0.9885057471264368
Census Tract 103.59; El Paso County; Texas,3.42,803,721,82,845,17,6,34,548,208,32,803,16,0,17,0,0,0,803,250,36,0,803,159,129,262,82,0,0,5,0,721,18,23,11,11,6,6,102,13,10,19,48,141,48141010359,3.2071005917159763,0.0410958904109589,0.3561643835616438,,0.25578406169665807,0.21289940828402365,0.16600037526551875,0.15450643776824033,0.9458791825735459,0.25844996167101525,0.3806342924447161,1032,0,134,0.0,0.1298449612403101,
Census Tract 36.01; El Paso County; Texas,2.67,1257,914,343,1368,79,90,355,558,278,8,1257,0,0,16,8,31,0,1257,254,105,88,1257,157,269,164,343,70,29,7,84,914,37,60,41,8,0,8,47,18,8,8,48,141,48141003601,2.6505847953216373,0.04375497215592681,0.3444709626093874,,0.33386709367493994,0.019415204678362663,0.014677699511678952,0.16450367213987932,0.9148245236511601,0.39682799466015173,0.38019977112212755,1479,53,27,0.03583502366463827,0.018255578093306288,0.8867924528301887
Census Tract 6; El Paso County; Texas,2.61,1593,907,686,1794,65,223,496,827,171,12,1593,10,3,9,9,40,0,1593,96,183,87,1593,99,210,138,686,12,105,94,236,907,96,40,78,28,26,51,0,0,0,21,48,141,48141000600,2.4749163879598663,0.044569993722536096,0.2184557438794727,,0.47865459249676584,0.13508361204013353,0.10514117185716089,0.16756787339459922,0.5801611558766324,0.6534190718861727,0.3796936533305132,1719,39,12,0.02268760907504363,0.006980802792321117,1.0
Census Tract 10.02; El Paso County; Texas,2.59,1239,674,565,1522,90,167,719,426,120,0,1239,3,9,12,79,0,5,1239,213,91,70,1239,120,151,45,565,10,64,27,180,674,20,28,0,49,0,14,21,21,17,31,48,141,48141001002,2.209592641261498,0.08716707021791767,0.15819209039548024,,0.37334437086092714,0.38040735873850196,0.2970072006313475,0.32771825541157024,0.42011669908307864,0.4667892631503821,0.3794434073081057,1446,44,35,0.030428769017980636,0.024204702627939143,0.8636363636363636
Census Tract 103.47; El Paso County; Texas,3.15,1309,1050,259,1444,169,70,148,614,432,11,1309,38,32,0,26,21,0,1309,329,41,0,1309,325,282,74,259,0,0,13,92,1050,21,22,0,0,9,35,51,0,12,36,48,141,48141010347,2.7638504155124655,0.08938120702826585,0.2719633307868602,,0.19462025316455697,0.38614958448753445,0.30149815621807413,0.3360426495998321,0.7222632719257598,0.15005602126728673,0.3791922494218261,1769,0,299,0.0,0.16902204635387225,
Census Tract 37.02; El Paso County; Texas,2.31,1528,1039,489,1753,29,156,375,1093,74,26,1528,0,7,12,0,0,10,1528,320,151,43,1528,74,243,239,489,53,18,79,127,1039,14,57,0,4,30,36,30,9,61,9,48,141,48141003702,2.6303479749001712,0.018979057591623036,0.31544502617801046,,0.3277367360644728,0.3203479749001712,0.250035166236922,0.07135474012987887,0.8377392498497982,0.38596383113878163,0.37733922553349303,1710,34,26,0.019883040935672516,0.0152046783625731,1.0
Census Tract 104.10; El Paso County; Texas,3.47,1484,1281,203,1504,0,76,182,922,276,48,1484,51,43,0,33,0,0,1484,344,104,0,1484,366,81,119,203,57,0,0,62,1281,115,183,10,5,21,129,0,0,0,0,48,141,48141010410,3.0252659574468086,0.08557951482479785,0.1347708894878706,,0.38345864661654133,0.4447340425531916,0.34731666122715427,0.3217495922168365,0.3579161327382793,0.4847136898627169,0.37664566556073087,1852,0,152,0.0,0.08207343412526998,
Census Tract 41.03; El Paso County; Texas,2.69,2174,928,1246,2404,89,161,1036,894,202,22,2174,0,0,17,65,0,36,2174,220,123,36,2174,106,96,253,1246,333,136,164,240,928,30,63,0,0,0,25,49,17,0,0,48,141,48141004103,2.4263727121464225,0.05427782888684453,0.16053357865685372,,0.4862005519779209,0.2636272878535775,0.2056743038278132,0.20406600045011075,0.4263350777444312,0.6667919520569683,0.37563641835094574,2653,28,35,0.010554089709762533,0.013192612137203167,0.7142857142857143
Census Tract 3.01; El Paso County; Texas,2.59,2395,968,1427,2603,81,362,756,1123,281,0,2395,37,0,10,44,38,0,2395,167,136,66,2395,122,267,197,1427,57,52,324,536,968,24,18,91,0,49,42,51,0,52,0,48,141,48141000301,2.4460238186707643,0.05386221294363257,0.15407098121085594,,0.53154305200341,0.1439761813292355,0.11209598963595946,0.2025034272043868,0.4091721140353879,0.7471475146596375,0.3722501332622643,2552,88,35,0.034482758620689655,0.01371473354231975,0.9886363636363636
Census Tract 22.01; El Paso County; Texas,2.27,1075,455,620,1214,83,276,381,215,214,45,1075,8,0,0,52,17,36,1075,108,109,8,1075,49,59,149,620,36,22,141,112,455,0,9,9,0,27,54,0,7,8,18,48,141,48141002201,2.2767710049423395,0.10511627906976745,0.19348837209302325,,0.3864077669902913,0.006771004942339509,0.004788757152742951,0.3952011178760355,0.5138543652306519,0.489940093935771,0.370466701584965,1443,8,74,0.005544005544005544,0.05128205128205128,0.875
Census Tract 39.04; El Paso County; Texas,3.11,1078,547,531,1078,0,83,262,623,110,0,1078,54,0,0,40,0,0,1078,41,39,0,1078,72,180,42,531,75,52,94,116,547,11,24,66,44,0,0,0,22,0,0,48,141,48141003904,2.7050092764378477,0.08719851576994433,0.07421150278293136,,0.4675324675324675,0.40499072356215216,0.3162336825602254,0.32783647989043446,0.19708628607926032,0.6337085440515587,0.36929638801188014,1087,4,14,0.0036798528058877645,0.012879484820607176,0.75
Census Tract 41.05; El Paso County; Texas,2.56,1217,542,675,1258,42,207,326,519,141,23,1217,46,0,0,45,26,0,1217,51,140,28,1217,200,46,56,675,196,109,66,144,542,0,29,10,37,10,25,11,10,0,12,48,141,48141004105,2.4602543720190777,0.0961380443714051,0.0838126540673788,,0.5330543933054394,0.09974562798092235,0.07750357558865643,0.3614460380658835,0.2225844255559896,0.7498258998510352,0.36703710788925253,1428,9,13,0.0063025210084033615,0.009103641456582634,1.0
Census Tract 29; El Paso County; Texas,2.05,550,174,376,631,76,311,98,142,4,0,550,0,0,0,31,19,0,550,51,13,0,550,58,43,6,376,38,47,46,62,174,0,0,0,6,0,4,4,0,0,0,48,141,48141002900,1.503961965134707,0.09090909090909091,0.0890909090909091,,0.37636363636363634,0.5460380348652929,0.4265458225516453,0.34178696839641043,0.23660208643815203,0.47213997777751215,0.3650307710831683,624,15,14,0.02403846153846154,0.022435897435897436,0.8666666666666667
Census Tract 38.03; El Paso County; Texas,2.91,903,693,210,937,56,63,136,539,118,25,903,13,0,0,38,0,0,903,107,108,55,903,46,35,193,210,38,0,0,53,693,106,25,11,0,0,38,19,12,0,0,48,141,48141003803,2.720384204909285,0.05647840531561462,0.25249169435215946,,0.3344407530454042,0.18961579509071536,0.14779042022024946,0.21233941225956396,0.6705517128696694,0.39784462853411184,0.36035899307286445,1197,5,7,0.004177109440267335,0.005847953216374269,1.0
Census Tract 103.50; El Paso County; Texas,3.07,1539,1256,283,1648,116,0,83,1095,354,0,1539,3,67,0,52,0,42,1539,130,9,8,1539,158,777,178,283,42,0,7,179,1256,152,121,90,0,0,13,89,0,13,0,48,141,48141010350,2.9532766990291264,0.10656270305393112,0.09551656920077972,,0.4587394411955815,0.11672330097087347,0.09078169781794797,0.40063917543023025,0.2536669542709232,0.6181256234388143,0.356296236620093,1356,6,1,0.004424778761061947,0.0007374631268436578,1.0
Census Tract 12.04; El Paso County; Texas,2.42,2005,1013,992,2230,56,222,603,974,345,30,2005,24,0,6,25,19,0,2005,194,191,81,2005,156,228,241,992,57,36,232,154,1013,70,22,10,18,0,152,33,0,3,15,48,141,48141001204,2.6367713004484306,0.03690773067331671,0.23241895261845386,,0.3954773869346734,0.21677130044843063,0.1690285557145156,0.13876039514946537,0.6172437758063857,0.5060131912024308,0.35624807143994686,2135,24,17,0.011241217798594848,0.007962529274004685,0.9166666666666666
Census Tract 11.12; El Paso County; Texas,2.54,1644,1139,505,1765,29,21,289,1055,332,39,1644,19,5,0,9,0,0,1644,178,145,60,1644,155,391,197,505,36,40,72,144,1139,74,49,75,33,11,0,13,27,10,10,48,141,48141001112,2.995467422096317,0.020072992700729927,0.2329683698296837,,0.35304990757855825,0.4554674220963171,0.3557111641482173,0.07546756054008333,0.6187028838099796,0.430823601489529,0.3561641223165456,2037,47,7,0.023073146784486992,0.003436426116838488,0.9574468085106383
Census Tract 102.14; El Paso County; Texas,2.94,2076,1727,349,2120,18,18,299,540,918,327,2076,0,0,0,0,0,18,2076,419,40,34,2076,538,463,162,349,10,0,15,64,1727,334,62,60,22,37,18,61,0,0,0,48,141,48141010214,3.5580188679245284,0.008670520231213872,0.23747591522157996,,0.31682197155468367,0.6180188679245284,0.48284154105750104,0.032598179066709664,0.6306737420638681,0.36662078559945943,0.355671393847345,2358,9,29,0.003816793893129771,0.012298558100084818,1.0
Census Tract 103.37; El Paso County; Texas,3.36,2542,1790,752,2542,130,155,337,1613,292,15,2542,125,0,0,51,68,0,2542,155,5,0,2542,730,267,535,752,117,25,0,228,1790,201,23,123,18,83,80,0,34,0,0,48,141,48141010337,2.7187254130605822,0.0959874114870181,0.06294256490952006,,0.34526230174867834,0.6412745869394176,0.5010296802561138,0.36087971014003367,0.16715894287446312,0.41702247787622915,0.3545152042809059,2363,0,61,0.0,0.02581464240372408,
Census Tract 103.51; El Paso County; Texas,3.34,873,492,381,934,8,0,20,832,74,0,873,52,0,0,56,0,0,873,53,14,0,873,102,282,15,381,51,94,24,37,492,10,58,7,5,75,8,0,0,0,0,48,141,48141010351,3.032119914346895,0.12371134020618557,0.07674684994272624,,0.3684210526315789,0.307880085653105,0.24028411510866657,0.46511216317862036,0.20381950312658442,0.45806420374763945,0.3530613986938754,1066,9,27,0.008442776735459663,0.025328330206378986,1.0
Census Tract 1.12; El Paso County; Texas,3.04,1554,999,555,1734,0,7,339,1014,374,0,1554,53,0,0,93,0,0,1554,228,64,54,1554,253,267,144,555,82,41,23,105,999,63,50,0,50,6,47,10,20,0,0,48,141,48141000112,3.0121107266435985,0.09395109395109395,0.22265122265122264,,0.31718346253229973,0.027889273356401567,0.021305210817439794,0.3532238553697781,0.5913032470409519,0.3672614165939083,0.34986936468313645,1585,42,4,0.026498422712933754,0.002523659305993691,0.7857142857142857
Census Tract 11.17; El Paso County; Texas,2.51,2248,1442,806,2542,0,359,340,1044,695,104,2248,0,50,0,0,0,0,2248,302,202,42,2248,340,361,365,806,67,33,91,215,1442,136,53,60,12,81,0,26,0,0,42,48,141,48141001117,2.9390243902439024,0.02224199288256228,0.24288256227758007,,0.3261176470588235,0.4290243902439026,0.33503024932218495,0.08362225650268049,0.6450323785076716,0.3830944964554358,0.34912444555601796,3117,15,597,0.004812319538017324,0.1915303176130895,1.0
Census Tract 2.04; El Paso County; Texas,2.71,1920,1048,872,1920,12,122,443,850,472,21,1920,0,0,0,42,0,0,1920,256,86,93,1920,209,251,245,872,78,100,64,296,1048,106,99,24,10,49,24,0,19,0,0,48,141,48141000204,2.8911458333333333,0.021875,0.2265625,,0.43826830571886694,0.18114583333333334,0.1411661209091183,0.08224248927038626,0.6016905737704918,0.5818468649358172,0.3487903306395168,2004,34,5,0.016966067864271458,0.00249500998003992,0.8529411764705882
Census Tract 105.02; El Paso County; Texas,2.21,690,602,88,725,0,74,120,381,101,49,690,2,12,0,0,0,0,690,113,27,17,690,226,54,193,88,0,0,0,6,602,52,60,0,0,0,55,0,0,0,23,48,141,48141010502,2.9048275862068964,0.020289855072463767,0.22753623188405797,,0.2593703148425787,0.6948275862068964,0.54291311566211,0.07628288859861913,0.6042765502494655,0.26480548659827,0.34873799892394164,155,0,33,0.0,0.2129032258064516,
Census Tract 103.34; El Paso County; Texas,3.54,1030,908,122,1052,29,34,96,589,244,60,1030,52,0,63,20,0,0,1030,76,5,0,1030,174,377,262,122,0,0,0,38,908,18,80,121,10,7,2,29,0,0,0,48,141,48141010334,3.1074144486692017,0.13106796116504854,0.07864077669902912,,0.2913000977517107,0.43258555133079835,0.3378154091151664,0.4927705321055043,0.20884927582365112,0.3213911549668442,0.3479543491523084,2014,0,276,0.0,0.13704071499503476,
Census Tract 11.19; El Paso County; Texas,2.56,1581,769,812,1842,0,255,472,666,324,125,1581,0,0,0,56,0,0,1581,152,176,46,1581,69,201,142,812,99,104,122,100,769,30,97,47,0,10,8,8,0,0,29,48,141,48141001119,2.778501628664495,0.03542061986084757,0.21695129664769133,,0.39883268482490275,0.21850162866449496,0.17038183360856465,0.13316936909056853,0.576165738638131,0.5119594193441823,0.34605846694446185,1664,18,2,0.010817307692307692,0.001201923076923077,0.9444444444444444
Census Tract 1.07; El Paso County; Texas,2.64,1776,1544,232,1895,27,0,64,1506,298,0,1776,40,0,19,0,0,0,1776,176,186,39,1776,301,272,234,232,11,0,34,48,1544,127,65,46,32,43,74,8,35,44,0,48,141,48141000107,3.0807387862796833,0.03322072072072072,0.22578828828828829,,0.3023658395845355,0.4407387862796832,0.34419199854997895,0.12489850365386845,0.5996344705361099,0.3410017611330828,0.3414670087234545,1896,39,2,0.020569620253164556,0.0010548523206751054,0.9743589743589743
Census Tract 2.06; El Paso County; Texas,3.12,1720,1030,690,1755,41,50,176,1231,245,12,1720,30,24,21,25,0,9,1720,179,105,122,1720,159,243,271,690,42,8,22,158,1030,128,51,0,35,93,10,7,12,6,11,48,141,48141000206,2.925925925925926,0.06337209302325582,0.23604651162790696,,0.2964108910891089,0.19407407407407407,0.15127720980020878,0.2382573111088931,0.6268776210446053,0.3304484560362988,0.3410641545629357,1708,26,2,0.01522248243559719,0.00117096018735363,0.9230769230769231
Census Tract 39.05; El Paso County; Texas,2.88,860,419,441,952,11,99,222,435,185,0,860,41,0,0,0,0,0,860,56,88,39,860,36,136,49,441,102,27,27,91,419,19,0,0,0,0,0,58,5,0,0,48,141,48141003905,2.7184873949579833,0.047674418604651166,0.2127906976744186,,0.3825581395348837,0.1615126050420166,0.12581110699396106,0.17923944505439665,0.5651162790697675,0.4831178194732675,0.3409925795508699,1133,29,12,0.02559576345984113,0.01059135039717564,0.9655172413793104
Census Tract 1.10; El Paso County; Texas,2.86,1274,553,721,1344,21,247,239,562,257,18,1274,9,0,0,45,21,0,1274,120,36,39,1274,48,177,93,721,68,74,103,163,553,48,8,11,20,7,18,8,0,0,17,48,141,48141000110,2.6257440476190474,0.05886970172684458,0.15306122448979592,,0.4168,0.23425595238095243,0.18270318271634664,0.2213298657198105,0.4064904650384744,0.5438009304770666,0.34051244513809775,1489,24,7,0.016118200134318333,0.0047011417058428475,0.9166666666666666
Census Tract 103.16; El Paso County; Texas,2.77,1338,768,570,1437,11,160,299,810,148,9,1338,0,0,0,52,0,11,1338,245,91,33,1338,65,193,85,570,0,11,36,149,768,87,80,45,16,11,48,8,18,22,52,48,141,48141010316,2.661795407098121,0.04708520179372197,0.2077727952167414,,0.40784313725490196,0.1082045929018789,0.08411927434903607,0.17702419215150403,0.5517900463133133,0.5279276604846169,0.339860539214741,1454,7,0,0.004814305364511692,0.0,0.5714285714285714
Census Tract 103.64; El Paso County; Texas,2.78,896,713,183,1050,45,51,331,365,206,52,896,31,8,0,29,0,23,896,141,72,9,896,169,105,205,183,9,29,0,24,713,0,9,6,0,28,60,36,24,0,33,48,141,48141010364,2.7542857142857144,0.1015625,0.24776785714285715,,0.23592814371257484,0.025714285714285356,0.0196041678195972,0.38184012875536477,0.6580064402810305,0.22326148596485562,0.3387898537520004,1302,0,260,0.0,0.19969278033794163,
Census Tract 1.13; El Paso County; Texas,2.61,1205,1022,183,1238,0,0,85,767,386,0,1205,0,0,0,0,0,0,1205,77,108,54,1205,189,352,116,183,11,0,0,23,1022,101,70,79,0,47,0,47,34,0,102,48,141,48141000113,3.24313408723748,0.0,0.1983402489626556,,0.3456439393939394,0.63313408723748,0.49466305097106295,0.0,0.5267396775729541,0.4176988126102661,0.33504223274001765,1566,22,1,0.0140485312899106,0.0006385696040868455,0.8181818181818182
Census Tract 4.01; El Paso County; Texas,2.31,2347,1292,1055,2573,59,363,659,938,438,116,2347,0,0,0,12,83,0,2347,387,146,103,2347,145,303,245,1055,71,41,112,174,1292,93,20,91,0,75,0,0,0,34,65,48,141,48141000401,2.653322969296541,0.040477204942479764,0.23348956114188327,,0.2881739918441323,0.34332296929654094,0.26800375262640247,0.15218039283095394,0.6200870312292638,0.31585109875428913,0.3332394008704549,2448,38,9,0.015522875816993464,0.003676470588235294,1.0
Census Tract 103.33; El Paso County; Texas,2.99,1431,1133,298,1553,43,256,482,655,78,39,1431,0,9,31,51,46,0,1431,135,49,0,1431,160,284,267,298,28,0,69,46,1133,37,11,5,19,72,21,0,31,14,0,48,141,48141010333,2.377334191886671,0.0957372466806429,0.12858141160027953,,0.20676968359087564,0.6126658081133294,0.47865494949599086,0.3599391763615587,0.3414785029384473,0.17158713041786325,0.3319791511467434,1468,0,125,0.0,0.08514986376021798,
Census Tract 41.06; El Paso County; Texas,3.05,1656,1035,621,1776,73,85,501,736,329,52,1656,20,0,0,70,0,16,1656,212,147,138,1656,157,194,132,621,88,0,69,75,1035,45,50,61,0,7,0,22,45,7,37,48,141,48141004106,2.74268018018018,0.0640096618357488,0.19685990338164253,,0.2866004962779156,0.3073198198198197,0.239845935022405,0.24065435093611992,0.522808267997149,0.31306256434606133,0.3291332003711196,1838,18,58,0.009793253536452665,0.031556039173014146,1.0
Census Tract 101.02; El Paso County; Texas,3.16,353,0,353,489,0,0,119,308,62,0,353,0,0,0,11,0,0,353,0,0,0,353,0,0,0,353,36,87,31,84,0,0,0,0,0,0,0,0,0,0,0,48,141,48141010102,2.8834355828220857,0.031161473087818695,0.0,,0.6742209631728046,0.27656441717791447,0.21579234441949932,0.11715643959197071,0.0,1.0,0.32830540076149106,899,13,514,0.014460511679644048,0.5717463848720801,1.0
Census Tract 103.54; El Paso County; Texas,3.69,2322,1574,748,2350,64,128,231,1246,489,192,2322,0,0,0,0,0,0,2322,180,53,0,2322,593,508,0,748,40,96,28,220,1574,237,161,38,28,478,16,0,14,0,0,48,141,48141010354,3.0825531914893616,0.0,0.10034453057708871,,0.4761388286334056,0.6074468085106384,0.47457320550903975,0.0,0.2664887533358749,0.6489606582455014,0.32377699399715204,2320,0,73,0.0,0.03146551724137931,
Census Tract 102.11; El Paso County; Texas,2.89,992,800,192,1050,4,20,111,528,320,67,992,8,0,4,0,0,0,992,173,22,0,992,172,267,178,192,24,17,11,22,800,137,66,23,57,0,0,11,0,0,0,48,141,48141010211,3.277142857142857,0.012096774193548387,0.19657258064516128,,0.3709677419354839,0.387142857142857,0.3022749879860197,0.04547971756887719,0.5220452141723956,0.4625774231703542,0.3202545722035546,1116,3,19,0.002688172043010753,0.017025089605734768,1.0
Census Tract 34.04; El Paso County; Texas,2.49,2505,1591,914,2677,300,376,74,1077,704,146,2505,0,0,0,0,0,0,2505,346,176,79,2505,141,536,275,914,36,87,110,152,1591,265,78,65,21,26,54,0,68,15,26,48,141,48141003404,2.7273066865894657,0.0,0.23992015968063873,,0.38768854463921726,0.23730668658946552,0.18508914112971073,0.0,0.6371650142338274,0.49220987633617935,0.31936155086844387,2822,24,27,0.008504606661941885,0.00956768249468462,1.0
Census Tract 11.07; El Paso County; Texas,2.71,2170,1481,689,2484,52,74,331,1309,596,122,2170,0,0,0,0,0,0,2170,198,289,12,2170,332,406,420,689,0,0,94,205,1481,136,87,52,0,0,59,42,94,0,0,48,141,48141001107,3.0825281803542675,0.0,0.22995391705069124,,0.3543778801843318,0.3725281803542675,0.29084494896622354,0.0,0.6106972879051145,0.4331770223595269,0.319137567359405,2699,9,5,0.0033345683586513525,0.001852537977028529,0.8888888888888888
Census Tract 102.29; El Paso County; Texas,3.23,2155,1923,232,2250,28,0,93,800,1062,267,2155,0,0,7,0,0,0,2155,401,38,59,2155,496,745,76,232,73,16,0,0,1923,168,88,213,99,80,26,0,0,6,9,48,141,48141010229,3.6306666666666665,0.0032482598607888632,0.23109048723897913,,0.3334946757018393,0.4006666666666665,0.31285186715957225,0.012212341794210489,0.6137157202084363,0.39616799894454224,0.3187050057584222,2532,34,37,0.013428120063191154,0.014612954186413903,1.0
Census Tract 104.01; El Paso County; Texas,3.05,2529,1936,593,2640,69,54,374,1395,679,69,2529,165,0,0,0,0,0,2529,222,378,13,2529,520,389,139,593,0,128,56,181,1936,137,84,89,26,63,44,83,0,7,49,48,141,48141010401,3.0484848484848484,0.06524317912218268,0.20877817319098457,,0.34546959040132397,0.0015151515151514694,0.0006781900410574906,0.24529195240786275,0.5544600665072049,0.4173898329249169,0.31668569858860074,2372,0,186,0.0,0.07841483979763912,
Census Tract 103.03; El Paso County; Texas,2.87,1502,814,688,1551,7,21,344,720,446,13,1502,26,0,2,58,0,0,1502,232,85,4,1502,162,220,156,688,28,0,49,73,814,100,46,30,24,8,35,24,34,0,7,48,141,48141010303,3.0419084461637653,0.05725699067909454,0.2137150466045273,,0.29791526563550774,0.17190844616376522,0.1339416234182423,0.21526662590080176,0.5675711073759577,0.33311449480727656,0.3165397129996976,2791,10,1358,0.0035829451809387316,0.48656395557147974,1.0
Census Tract 102.23; El Paso County; Texas,2.69,1664,778,886,2007,32,0,1219,637,119,0,1664,18,26,0,53,0,0,1664,129,8,0,1664,223,150,178,886,15,9,206,240,778,92,55,7,36,0,23,0,26,42,0,48,141,48141010223,2.4040857000498255,0.05829326923076923,0.08233173076923077,,0.45132211538461536,0.2859142999501745,0.22310482395383233,0.21916267745130405,0.21865148171500629,0.6049807066783262,0.3162778151244908,2177,36,27,0.016536518144235186,0.01240238860817639,0.8611111111111112
Census Tract 39.01; El Paso County; Texas,2.73,1075,614,461,1230,0,221,386,538,74,11,1075,6,0,12,8,0,0,1075,209,56,30,1075,27,108,131,461,81,11,54,90,614,18,6,38,0,30,3,0,7,19,4,48,141,48141003901,2.4048780487804877,0.024186046511627906,0.22232558139534883,,0.31412103746397696,0.32512195121951226,0.2537688605497689,0.09093123066174268,0.590438429279451,0.3618342149805156,0.31610130237346823,1301,43,27,0.033051498847040735,0.0207532667179093,0.9767441860465116
Census Tract 103.27; El Paso County; Texas,2.76,1130,842,288,1130,19,35,72,941,55,8,1130,0,0,0,0,20,19,1130,209,42,0,1130,120,141,282,288,20,0,62,52,842,83,132,0,0,25,25,0,15,6,0,48,141,48141010327,2.886725663716814,0.034513274336283185,0.22212389380530972,,0.3574660633484163,0.12672566371681437,0.09860447748869117,0.1297580614531505,0.58990279994197,0.4386498722339406,0.315786481977661,1280,2,5,0.0015625,0.00390625,1.0
Census Tract 22.02; El Paso County; Texas,2.03,1846,341,1505,2204,269,614,927,235,140,19,1846,0,0,0,107,6,14,1846,80,32,27,1846,120,37,3,1505,136,86,9,534,341,19,66,35,0,0,0,58,0,0,3,48,141,48141002202,1.736842105263158,0.06879739978331528,0.021668472372697724,,0.5116657623440043,0.29315789473684184,0.22876999002304313,0.25865460176044713,0.05754577908814806,0.7119211642665212,0.3157171143714101,2038,6,83,0.002944062806673209,0.04072620215897939,1.0
Census Tract 32; El Paso County; Texas,2.27,964,527,437,1103,27,243,471,296,66,0,964,0,0,0,0,23,4,964,116,80,71,964,90,82,139,437,18,67,42,88,527,5,25,13,6,10,19,40,15,0,0,48,141,48141003200,2.1187669990933817,0.028008298755186723,0.229253112033195,,0.35429769392033544,0.1512330009066183,0.1177714987237736,0.10530158673623849,0.6088361335963539,0.433034916998049,0.315612538414227,1002,69,35,0.0688622754491018,0.03493013972055888,0.9855072463768116
Census Tract 20; El Paso County; Texas,2.31,801,102,699,958,66,332,307,216,37,0,801,0,0,0,33,5,13,801,20,0,7,801,52,0,15,699,73,82,21,181,102,0,0,0,0,0,0,4,6,0,0,48,141,48141002000,1.8183716075156575,0.06367041198501873,0.018726591760299626,,0.4581772784019975,0.49162839248434254,0.38399241241034304,0.2393788879780103,0.049732915822435074,0.6171293636929392,0.3153277187543153,1051,34,65,0.03235014272121789,0.06184586108468126,0.9705882352941176
Census Tract 19; El Paso County; Texas,2.19,981,69,912,1104,185,315,351,185,68,0,981,0,0,0,25,28,0,981,12,0,0,981,12,26,0,912,50,173,24,213,69,0,0,0,0,0,12,0,0,0,0,48,141,48141001900,1.6702898550724639,0.05402650356778797,0.012232415902140673,,0.48114169215086644,0.5197101449275361,0.40595495943160614,0.20312110354241314,0.032486088133553914,0.6578266870781407,0.31470551675196884,1149,43,58,0.03742384682332463,0.050478677110530897,0.9534883720930233
Census Tract 41.07; El Paso County; Texas,3.01,452,367,85,452,0,0,31,282,121,18,452,23,0,0,0,0,0,452,79,100,16,452,73,60,42,85,18,0,0,14,367,0,14,6,0,0,27,15,0,22,0,48,141,48141004107,3.2787610619469025,0.05088495575221239,0.22566371681415928,,0.25663716814159293,0.26876106194690275,0.20968939352527,0.19130996239887577,0.5993036413753082,0.2599618290868871,0.31414723504026554,485,1,1,0.002061855670103093,0.002061855670103093,1.0
Census Tract 103.26; El Paso County; Texas,2.6,1850,1251,599,1933,141,28,258,928,565,13,1850,0,0,0,0,0,0,1850,339,49,29,1850,193,274,298,599,9,40,69,245,1251,69,152,21,6,14,0,26,29,0,0,48,141,48141010326,2.924469736161407,0.0,0.2254054054054054,,0.3627450980392157,0.32446973616140706,0.25325876760202326,0.0,0.59861763402747,0.4480053290865563,0.31230749429891125,4324,9,2495,0.0020814061054579094,0.5770120259019427,0.8888888888888888
Census Tract 103.55; El Paso County; Texas,3.17,1438,1029,409,1469,15,36,173,642,565,38,1438,49,9,0,25,0,0,1438,124,26,0,1438,364,416,0,409,0,25,32,98,1029,152,58,171,86,26,45,0,0,15,0,48,141,48141010355,3.2389380530973453,0.057719054242002785,0.1043115438108484,,0.4830028328611898,0.06893805309734535,0.0534091814314413,0.21700382624890316,0.2770240999566793,0.6611249835720856,0.3103202550431504,1749,0,78,0.0,0.044596912521440824,
Census Tract 43.10; El Paso County; Texas,2.75,1901,951,950,1929,54,74,641,690,470,0,1901,4,0,0,74,25,0,1901,289,116,27,1901,110,207,178,950,75,0,44,362,951,36,64,29,12,42,22,0,26,10,15,48,141,48141004310,2.7506480041472265,0.054182009468700686,0.20252498684902684,,0.368763557483731,0.0006480041472265441,0.0,0.20370575233726093,0.5378532437629893,0.45867118770470744,0.31024283356810245,1906,15,6,0.007869884575026232,0.0031479538300104933,0.9333333333333333
Census Tract 43.09; El Paso County; Texas,2.65,2078,960,1118,2228,32,230,815,819,316,16,2078,0,0,0,88,16,0,2078,424,131,69,2078,99,193,280,1118,63,46,123,251,960,17,30,0,0,40,7,0,39,14,92,48,141,48141004309,2.5408438061041294,0.05004812319538017,0.22762271414821944,,0.30318602261048305,0.1091561938958705,0.08486351499492521,0.18816375930966964,0.6045062244592058,0.34245528196784325,0.3101622073986482,2250,11,8,0.004888888888888889,0.0035555555555555557,0.8181818181818182
Census Tract 103.62; El Paso County; Texas,3.78,2193,1799,394,2359,0,0,218,1072,962,107,2193,25,42,0,51,0,0,2193,58,101,0,2193,520,539,58,394,0,50,0,165,1799,126,27,192,78,59,143,0,15,96,63,48,141,48141010362,3.4061042814752014,0.053807569539443684,0.07250341997264022,,0.4307098020280058,0.3738957185247984,0.2919144912404963,0.20229798676632044,0.19255006615684778,0.5684517540316528,0.3093227493251205,5017,0,355,0.0,0.07075941797887184,
Census Tract 12.02; El Paso County; Texas,2.7,2011,1136,875,2179,7,193,376,1317,261,25,2011,39,0,0,98,7,0,2011,163,86,7,2011,290,241,403,875,56,0,17,446,1136,101,29,83,5,79,29,0,8,8,0,48,141,48141001202,2.7833868747131714,0.07160616608652412,0.1272998508204873,,0.40476190476190477,0.08338687471317119,0.06470950625202895,0.2692145986772323,0.3380750136544089,0.5224671285257433,0.3088418163986135,4412,4,2581,0.0009066183136899365,0.5849954669084315,1.0
Census Tract 104.08; El Paso County; Texas,2.85,990,699,291,1193,60,0,349,543,165,76,990,0,4,43,0,0,0,990,157,92,6,990,69,115,167,291,0,0,0,84,699,0,0,22,34,0,43,90,0,8,22,48,141,48141010408,2.8222967309304274,0.047474747474747475,0.25757575757575757,,0.2902892561983471,0.027703269069572656,0.0211597381335715,0.17848875016256988,0.684053651266766,0.31959975083877395,0.3086919232018702,3693,0,2203,0.0,0.5965339832114812,
Census Tract 43.20; El Paso County; Texas,3.21,880,664,216,890,10,0,39,700,129,12,880,5,5,0,0,5,0,880,162,40,0,880,116,169,174,216,12,11,0,45,664,12,32,118,22,25,18,21,19,6,20,48,141,48141004320,3.09438202247191,0.017045454545454544,0.22954545454545455,,0.3784431137724551,0.11561797752808989,0.08991723189350305,0.06408505657432695,0.6096125186289121,0.4758252085656522,0.30856839514963974,995,5,16,0.005025125628140704,0.016080402010050253,0.6
Census Tract 102.17; El Paso County; Texas,2.72,1542,1215,327,1708,0,0,38,1154,457,59,1542,15,0,0,0,0,0,1542,159,67,22,1542,248,325,402,327,10,0,18,35,1215,175,108,88,0,0,0,0,16,57,10,48,141,48141010217,3.3144028103044496,0.009727626459143969,0.1608300907911803,,0.33093994778067887,0.5944028103044494,0.46437158349388186,0.03657253552879878,0.427122536199528,0.3916405335580683,0.3085368447968151,1669,5,10,0.0029958058717795086,0.005991611743559017,1.0
Census Tract 103.17; El Paso County; Texas,2.91,1253,848,405,1295,41,24,233,659,289,49,1253,0,0,0,15,0,0,1253,263,88,0,1253,88,321,116,405,44,0,0,222,848,67,28,12,0,84,8,0,0,0,0,48,141,48141010317,2.986872586872587,0.011971268954509178,0.28012769353551475,,0.32591958939264326,0.0768725868725868,0.059614726170255435,0.04500786096201734,0.74394567791399,0.3827435004762829,0.3070975981202245,1437,1,2,0.0006958942240779402,0.0013917884481558804,1.0
Census Tract 103.35; El Paso County; Texas,3.47,884,773,111,997,15,0,252,506,210,14,884,26,0,21,0,0,0,884,196,0,0,884,164,106,200,111,0,0,8,7,773,0,27,0,0,7,31,47,0,0,36,48,141,48141010335,2.9408224674022065,0.053167420814479636,0.22171945701357465,,0.1426872770511296,0.5291775325977937,0.4133593387450829,0.19989124735400926,0.5888287219049032,0.058020877398299656,0.3043516417810201,1498,0,213,0.0,0.14218958611481977,
Census Tract 103.28; El Paso County; Texas,2.97,1518,925,593,1564,46,66,353,696,263,140,1518,0,16,0,103,12,0,1518,192,26,0,1518,329,134,345,593,14,75,17,215,925,65,28,10,32,28,59,7,0,0,0,48,141,48141010328,2.948849104859335,0.0862977602108037,0.14361001317523056,,0.3503355704697987,0.02115089514066515,0.01603517118193135,0.32444994826036067,0.38139052679323526,0.42601327816494244,0.30239296995403886,1618,6,1,0.003708281829419036,0.0006180469715698393,1.0
Census Tract 3.02; El Paso County; Texas,2.65,1955,1049,906,2005,5,38,624,1071,216,51,1955,41,14,0,9,0,0,1955,238,206,108,1955,160,144,120,906,268,14,71,144,1049,78,9,23,34,48,115,59,39,8,0,48,141,48141000302,2.801995012468828,0.03273657289002557,0.1350383631713555,,0.4520188778185632,0.15199501246882807,0.11836746276838346,0.12307827404146952,0.3586264726845835,0.6062155026721247,0.3018074686052946,1857,39,21,0.0210016155088853,0.011308562197092083,0.9743589743589743
Census Tract 41.04; El Paso County; Texas,3.16,2143,1505,638,2327,7,182,360,1257,456,65,2143,208,7,0,0,57,0,2143,392,290,123,2143,533,87,170,638,51,0,0,158,1505,29,12,0,10,73,139,9,17,0,14,48,141,48141004104,2.9316716802750324,0.12692487167522165,0.11992533831077928,,0.20671206225680933,0.2283283197249677,0.17806722165247815,0.4771939381437517,0.3184902427269876,0.17148501441821143,0.3012654400599209,2411,19,48,0.007880547490667772,0.019908751555371217,1.0
Census Tract 42.01; El Paso County; Texas,2.65,1869,1458,411,2075,87,25,656,910,273,124,1869,8,0,10,45,0,0,1869,351,164,128,1869,155,166,219,411,80,42,49,111,1458,84,10,32,0,89,164,43,0,0,9,48,141,48141004201,2.7850602409638556,0.033707865168539325,0.20599250936329588,,0.34726143421795597,0.13506024096385572,0.10512289349783388,0.12672999951777014,0.5470620740467858,0.4205653220995464,0.3009504275914809,1923,0,5,0.0,0.0026001040041601664,
Census Tract 103.49; El Paso County; Texas,2.99,858,747,111,884,13,0,0,652,152,67,858,13,0,0,0,0,0,858,152,58,13,858,112,357,244,111,8,0,0,0,747,11,59,16,72,0,9,38,0,0,8,48,141,48141010349,3.2794117647058822,0.015151515151515152,0.25990675990675993,,0.25058823529411767,0.28941176470588204,0.22584016728070705,0.05696449473273507,0.6902441820474607,0.24924196578355354,0.2971289188337155,1083,10,3,0.009233610341643583,0.002770083102493075,0.8
Census Tract 102.27; El Paso County; Texas,2.29,1694,923,771,1736,18,364,304,620,342,88,1694,0,19,0,0,0,0,1694,154,72,0,1694,149,326,28,771,41,0,146,110,923,210,70,35,18,26,31,0,0,21,33,48,141,48141010227,2.672811059907834,0.011216056670602124,0.1334120425029516,,0.41712538226299695,0.38281105990783404,0.2988871189186165,0.0421685220748818,0.35430739156521573,0.5443775699387052,0.2970992207821681,1400,13,14,0.009285714285714286,0.01,1.0
Census Tract 104.11; El Paso County; Texas,3.46,973,748,225,1036,17,32,122,518,309,38,973,11,0,0,14,0,5,973,54,31,49,973,185,191,169,225,4,22,28,28,748,61,64,5,19,42,5,58,49,3,22,48,141,48141010411,3.142857142857143,0.030832476875642344,0.13771839671120248,,0.38063806380638066,0.31714285714285717,0.24752846550319496,0.11591952679426047,0.3657439388068,0.479715078880736,0.2956463055608011,1104,0,85,0.0,0.0769927536231884,
Census Tract 103.48; El Paso County; Texas,2.91,1347,1105,242,1449,14,0,25,799,611,0,1347,9,14,0,0,0,0,1347,131,51,0,1347,127,657,253,242,0,0,77,42,1105,25,230,42,9,35,12,0,35,0,0,48,141,48141010348,3.375431331953071,0.017074981440237565,0.13511507052709726,,0.3597560975609756,0.46543133195307096,0.3635038700766404,0.06419606756072148,0.3588301873014714,0.4427082498581589,0.2923442035734521,1392,6,1,0.004310344827586207,0.0007183908045977011,0.5
Census Tract 43.11; El Paso County; Texas,2.79,1710,916,794,1831,85,91,230,964,341,120,1710,0,0,0,24,20,0,1710,144,165,68,1710,200,163,80,794,41,111,34,150,916,207,31,38,34,34,7,65,9,0,0,48,141,48141004311,2.953031130529765,0.025730994152046785,0.14210526315789473,,0.4337708830548926,0.16303113052976492,0.1269987354190433,0.09673970333559219,0.37739430543572045,0.5738765737471421,0.29223937788020193,1812,18,5,0.009933774834437087,0.0027593818984547464,1.0
Census Tract 102.13; El Paso County; Texas,3.09,2872,2445,427,2872,0,0,15,501,1988,368,2872,9,0,0,0,0,0,2872,206,35,81,2872,907,578,37,427,22,14,0,0,2445,302,200,89,29,130,23,55,45,18,0,48,141,48141010213,3.9432451253481893,0.0031337047353760445,0.11211699164345404,,0.29066374908825676,0.8532451253481894,0.6668103923517184,0.011781653854890191,0.2977533220695009,0.3202634237029185,0.2914007610699156,3008,2,32,0.0006648936170212766,0.010638297872340425,1.0
Census Tract 38.01; El Paso County; Texas,2.78,1730,1171,559,1904,16,156,252,958,315,207,1730,30,8,0,80,0,0,1730,209,423,103,1730,86,60,103,559,48,122,35,90,1171,82,17,48,15,21,64,30,52,0,0,48,141,48141003801,3.0614495798319328,0.06820809248554913,0.09421965317919075,,0.35283791691047395,0.28144957983193297,0.21961299680622048,0.25643900865811603,0.25022268549227705,0.430447913572214,0.29102195172480166,1970,2,8,0.0010152284263959391,0.0040609137055837565,0.5
Census Tract 2.07; El Paso County; Texas,2.75,1563,872,691,1756,0,27,386,1069,224,50,1563,19,0,6,32,0,0,1563,213,87,43,1563,191,290,129,691,60,66,51,141,872,52,10,0,23,10,10,0,0,9,48,48,141,48141000207,2.9339407744874717,0.036468330134357005,0.21944977607165708,,0.28039867109634553,0.1839407744874717,0.1433520253195927,0.13710839999011473,0.5828010446493188,0.3020717466507794,0.29102112288597753,1741,27,5,0.015508328546812177,0.002871912693854107,0.9629629629629629
Census Tract 31; El Paso County; Texas,3.23,919,509,410,1055,34,27,264,567,154,9,919,4,0,23,0,11,0,919,43,157,78,919,55,46,81,410,10,28,0,100,509,16,9,8,25,0,11,0,21,33,0,48,141,48141003100,2.7649289099526064,0.041349292709466814,0.1381936887921654,,0.2840043525571273,0.46507109004739355,0.3632221273396629,0.15545914340554903,0.3670061899070622,0.3084617022594084,0.28814914153121496,1256,7,0,0.005573248407643312,0.0,0.7142857142857143
Census Tract 43.07; El Paso County; Texas,2.56,2155,1339,816,2259,11,370,335,841,529,173,2155,0,0,0,0,0,0,2155,421,162,88,2155,236,316,188,816,78,14,0,250,1339,67,37,76,30,58,15,0,34,0,19,48,141,48141004307,2.8968570163789287,0.0,0.23387470997679816,,0.2892204042348412,0.3368570163789286,0.2629467749581603,0.0,0.6211098855121525,0.3177055411939991,0.28729321166816996,2170,8,6,0.003686635944700461,0.0027649769585253456,0.875
Census Tract 16; El Paso County; Texas,1.75,2198,299,1899,2397,544,949,444,362,38,60,2198,0,12,0,0,30,44,2198,25,32,7,2198,74,47,47,1899,199,133,118,521,299,36,0,0,24,0,0,0,20,25,0,48,141,48141001600,1.4080100125156445,0.039126478616924476,0.029117379435850774,,0.4895359417652411,0.3419899874843555,0.2669612366442595,0.14710212561556155,0.07732812243619386,0.6727028992413681,0.2850306404329108,2517,27,102,0.010727056019070322,0.04052443384982122,0.8888888888888888
Census Tract 43.17; El Paso County; Texas,2.42,2000,66,1934,2155,166,476,1209,264,14,26,2000,0,0,0,56,0,40,2000,22,0,0,2000,26,16,1,1934,263,65,149,319,66,1,0,0,0,0,0,0,0,0,0,48,141,48141004317,1.7967517401392112,0.048,0.0085,,0.3985,0.6232482598607887,0.48693141281764357,0.1804635193133047,0.02257377049180328,0.5113698383493231,0.28501124056780175,2162,19,50,0.008788159111933395,0.02312673450508788,1.0
Census Tract 43.19; El Paso County; Texas,3.1,1572,1247,325,1597,63,0,30,1141,294,69,1572,0,10,41,0,0,0,1572,314,57,17,1572,154,241,488,325,74,0,0,127,1247,35,66,48,12,16,44,20,9,13,0,48,141,48141004319,3.1333750782717598,0.03244274809160305,0.24681933842239187,,0.2879177377892031,0.03337507827175967,0.02559562141936899,0.1219735936834518,0.6554874233512702,0.31539696766885106,0.28443230014393966,1753,14,4,0.007986309184255563,0.0022818026240730175,0.7857142857142857
Census Tract 102.03; El Paso County; Texas,3.0,959,623,336,1073,58,46,97,673,194,5,959,3,0,42,17,0,0,959,80,98,16,959,263,62,60,336,16,33,22,35,623,49,13,51,23,0,5,44,17,15,14,48,141,48141010203,2.8518173345759554,0.06465067778936393,0.12721584984358708,,0.3417989417989418,0.14818266542404457,0.11538585215124673,0.24306435083039826,0.33785192909280504,0.4108847431439099,0.28318064373854757,1111,0,197,0.0,0.1773177317731773,
Census Tract 21; El Paso County; Texas,1.86,869,56,813,1289,178,616,274,128,78,15,869,0,0,0,0,8,0,869,9,11,0,869,0,36,0,813,223,11,38,206,56,0,0,0,0,0,0,0,9,0,0,48,141,48141002100,1.5011636927851046,0.009205983889528193,0.023014959723820484,,0.5604142692750288,0.35883630721489546,0.2801366283854147,0.0346113385717884,0.061121696315719974,0.7983128210626959,0.2812693565932234,1205,94,76,0.07800829875518672,0.06307053941908713,0.9574468085106383
Census Tract 103.66; El Paso County; Texas,3.09,2542,2325,217,2594,112,0,175,1173,1053,81,2542,74,13,87,0,0,0,2542,334,32,0,2542,696,863,163,217,0,0,18,0,2325,68,111,111,122,59,23,0,269,0,0,48,141,48141010366,3.271395528141866,0.06845003933910307,0.14398111723052714,,0.2907772855416835,0.181395528141866,0.1413614055155351,0.2573486457555978,0.3823760818253344,0.32046463196417196,0.2811870532771629,2812,0,15,0.0,0.005334281650071123,
Census Tract 102.20; El Paso County; Texas,3.07,2308,1814,494,2572,16,43,302,1126,956,129,2308,65,0,16,0,0,0,2308,228,130,0,2308,642,88,498,494,37,0,28,114,1814,178,52,163,15,20,62,22,66,8,0,48,141,48141010220,3.30248833592535,0.03509532062391681,0.15511265164644714,,0.3256118881118881,0.23248833592535023,0.18132074194452327,0.13194635565043403,0.4119385174872858,0.3821981950891794,0.27438223322815114,3207,0,117,0.0,0.03648269410664172,
Census Tract 102.28; El Paso County; Texas,2.99,1906,1358,548,2114,40,176,422,908,556,12,1906,7,32,0,98,22,0,1906,83,113,141,1906,337,231,56,548,16,77,0,129,1358,64,25,34,18,12,8,58,0,0,121,48,141,48141010228,2.8514664143803214,0.08342077649527807,0.15057712486883526,,0.24196277495769883,0.13853358561967877,0.1078393726591284,0.31363347729555185,0.3998933480123166,0.2339560040996958,0.2741202557484943,2197,18,93,0.008192990441511151,0.04233045061447428,1.0
Census Tract 1.14; El Paso County; Texas,2.74,1211,787,424,1363,13,202,44,932,172,0,1211,22,0,0,0,13,0,1211,132,86,32,1211,223,106,224,424,15,13,71,84,787,118,21,47,0,14,22,0,0,0,0,48,141,48141000114,2.768892149669846,0.028901734104046242,0.20644095788604458,,0.3266499582289056,0.028892149669845768,0.0220895535408893,0.10866059688903221,0.5482530356973643,0.38403785342797997,0.2700888120562236,1622,21,2,0.012946979038224414,0.0012330456226880395,0.9523809523809523
Census Tract 43.16; El Paso County; Texas,2.55,1996,1117,879,2021,14,222,367,1153,197,68,1996,22,0,0,0,0,0,1996,197,53,0,1996,201,437,169,879,61,13,93,325,1117,67,62,35,49,47,124,0,0,7,24,48,141,48141004316,2.7427016328550224,0.011022044088176353,0.125250501002004,,0.4342857142857143,0.19270163285502262,0.15020383288513514,0.04143910137872311,0.33263247807089585,0.5747889529316785,0.26932785474128756,2037,9,2,0.004418262150220913,0.0009818360333824251,1.0
Census Tract 103.68; El Paso County; Texas,3.17,3481,2880,601,3754,23,129,107,2341,1118,36,3481,145,0,0,0,0,0,3481,122,24,0,3481,1401,217,24,601,84,130,71,127,2880,667,424,164,55,87,74,0,0,0,0,48,141,48141010368,3.2013851891315928,0.04165469692617064,0.041941970698075266,,0.5291691219799647,0.03138518913159283,0.024039342697219374,0.15660735840053852,0.11138687300144579,0.7429404576489724,0.26537190872221,3949,0,28,0.0,0.007090402633578121,
Census Tract 102.12; El Paso County; Texas,2.58,2605,1866,739,2810,20,0,427,1383,932,48,2605,22,0,0,0,0,0,2605,177,117,0,2605,724,213,346,739,32,50,85,135,1866,0,98,230,30,259,12,0,33,0,0,48,141,48141010212,3.192526690391459,0.008445297504798464,0.1128598848368522,,0.30051150895140666,0.612526690391459,0.47854614647473176,0.0317514189450792,0.29972625153393534,0.3377155333954709,0.26459510121082164,2914,14,76,0.004804392587508579,0.02608098833218943,0.9285714285714286
Census Tract 101.01; El Paso County; Texas,3.79,1121,19,1102,1178,0,9,0,596,573,0,1121,19,0,0,0,0,0,1121,0,0,0,1121,0,0,0,1102,93,93,217,209,19,0,0,0,0,0,0,0,0,0,0,48,141,48141010101,3.4711375212224107,0.01694915254237288,0.0,,0.5459411239964318,0.31886247877758933,0.24887336985302091,0.06372299410780534,0.0,0.7726636457671552,0.2620574836447346,1472,2,143,0.001358695652173913,0.09714673913043478,1.0
Census Tract 11.11; El Paso County; Texas,2.04,2681,783,1898,3052,152,1048,1190,335,143,184,2681,0,0,18,121,65,0,2681,223,65,15,2681,146,207,93,1898,162,39,179,281,783,21,72,0,21,0,0,34,0,0,0,48,141,48141001111,1.9413499344692005,0.07609101081685939,0.11189854531891086,,0.3017530772099963,0.09865006553079958,0.07664674366998522,0.28607607500244125,0.2971731859289108,0.3399158292740065,0.26042442503545876,2907,45,20,0.015479876160990712,0.0068799449604403165,1.0
Census Tract 11.10; El Paso County; Texas,2.55,1965,959,1006,2182,0,348,672,690,343,129,1965,0,0,0,0,0,0,1965,99,155,60,1965,280,301,48,1006,0,40,45,383,959,164,31,0,54,72,58,9,13,0,11,48,141,48141001110,2.648487626031164,0.0,0.1597964376590331,,0.42348565356004253,0.09848762603116423,0.07651970084542971,0.0,0.424377424602678,0.5556491843863516,0.26031059241634336,2249,29,1,0.012894619831036016,0.00044464206313917296,1.0
Census Tract 42.02; El Paso County; Texas,2.6,1986,1298,688,2247,106,174,482,954,472,59,1986,0,19,16,26,0,0,1986,196,173,112,1986,189,74,186,688,45,24,11,155,1298,128,0,89,19,106,64,32,122,0,15,48,141,48141004202,2.751668891855808,0.030715005035246726,0.1309164149043303,,0.36943699731903484,0.15166889185580779,0.11811240606162879,0.11547787300805205,0.34767965925412314,0.45986465160313533,0.26015192082905597,2909,16,799,0.005500171880371262,0.27466483327603985,0.0625
Census Tract 101.03; El Paso County; Texas,4.07,1026,0,1026,1075,0,0,61,291,723,0,1026,0,0,0,24,0,0,1026,0,0,0,1026,0,0,0,1026,60,80,101,244,0,0,0,0,0,0,0,0,0,0,0,48,141,48141010103,3.615813953488372,0.023391812865497075,0.0,,0.4727095516569201,0.4541860465116283,0.35470900904455865,0.08794518485053834,0.0,0.6428833250457227,0.2580461885255039,1815,213,28,0.11735537190082644,0.015426997245179064,0.9953051643192489
Census Tract 106.01; El Paso County; Texas,2.83,240,0,240,279,0,32,60,182,5,0,240,0,0,0,0,0,0,240,0,0,0,240,0,0,0,240,31,56,21,35,0,0,0,0,0,0,0,0,0,0,0,48,141,48141010601,2.5734767025089607,0.0,0.0,,0.5958333333333333,0.2565232974910394,0.20011832142637803,0.0,0.0,0.8610821614754456,0.255294204654137,927,2,628,0.002157497303128371,0.6774541531823085,1.0
Census Tract 103.69; El Paso County; Texas,3.1,5004,4256,748,5090,18,0,0,2436,2556,80,5004,108,0,0,0,0,0,5004,270,0,0,5004,1455,15,32,748,154,300,0,124,4256,211,494,346,434,448,61,0,0,0,0,48,141,48141010369,3.522986247544204,0.02158273381294964,0.009392486011191047,,0.466198419666374,0.4229862475442041,0.3303078591069914,0.08114366875598233,0.02494397924283524,0.6313443566609523,0.25447675642413986,6916,0,180,0.0,0.026026604973973393,
Census Tract 102.31; El Paso County; Texas,2.99,1134,838,296,1234,10,36,218,538,384,48,1134,51,0,4,0,0,0,1134,145,54,15,1134,214,185,308,296,3,0,77,5,838,49,17,12,0,20,16,41,32,0,0,48,141,48141010231,3.1296596434359807,0.048500881834215165,0.18871252204585537,,0.22621184919210055,0.13965964343598047,0.10872005479565872,0.18234666303335828,0.5011709601873536,0.20604235794661568,0.25325133940263156,1553,0,277,0.0,0.1783644558918223,
Census Tract 103.46; El Paso County; Texas,3.12,1828,1661,167,1875,37,0,302,870,606,60,1828,27,0,0,0,0,0,1828,280,68,26,1828,402,297,185,167,44,0,18,35,1661,140,144,21,31,71,89,29,0,10,0,48,141,48141010346,3.166933333333333,0.01477024070021882,0.20459518599562362,,0.3192942515651679,0.04693333333333305,0.03619944021303043,0.05553103370554371,0.5433511496932956,0.3710021375549563,0.2524875199663322,2611,0,139,0.0,0.05323630792799693,
Census Tract 103.29; El Paso County; Texas,3.48,1628,1121,507,1695,15,83,118,923,547,9,1628,15,22,0,0,0,0,1628,74,8,0,1628,204,516,250,507,107,30,127,90,1121,69,164,46,34,61,0,0,0,0,0,48,141,48141010329,3.1392330383480824,0.022727272727272728,0.05036855036855037,,0.42565411614550097,0.34076696165191755,0.26600471648379326,0.08544674209910261,0.1337656583558223,0.5594921138882405,0.25214940898750515,2061,0,44,0.0,0.021348859776807377,
Census Tract 103.12; El Paso County; Texas,2.89,1310,1081,229,1321,0,20,214,810,277,0,1310,16,0,0,0,0,0,1310,243,132,6,1310,278,226,215,229,0,17,15,49,1081,10,66,0,0,0,0,33,17,8,0,48,141,48141010312,3.0174110522331565,0.012213740458015267,0.29083969465648857,,0.16412213740458015,0.1274110522331564,0.0991405151718253,0.04591947056318186,0.7723939431860843,0.09600754028726526,0.250704315071657,1423,6,0,0.004216444132115249,0.0,0.8333333333333334
Census Tract 103.60; El Paso County; Texas,2.41,1342,1160,182,1352,12,15,102,934,275,14,1342,0,0,0,0,0,12,1342,144,0,28,1342,482,235,111,182,0,0,0,23,1160,150,64,2,28,0,23,0,0,0,0,48,141,48141010360,3.099852071005917,0.00894187779433681,0.12816691505216096,,0.21609538002980627,0.6898520710059168,0.5390217991647661,0.033618390334073156,0.34037770882705043,0.1881140440990834,0.25001281516470863,1321,0,22,0.0,0.016654049962149888,
Census Tract 43.14; El Paso County; Texas,2.62,1821,887,934,1850,7,398,262,1009,110,64,1821,9,0,0,20,0,0,1821,172,116,21,1821,145,285,93,934,72,95,47,162,887,115,28,31,8,23,39,6,20,6,9,48,141,48141004314,2.5454054054054054,0.015925315760571115,0.1696869851729819,,0.35159306875349355,0.07459459459459472,0.05783312394935836,0.059873719340172944,0.45064412455775515,0.42824180508783793,0.24925022300332184,1772,10,3,0.0056433408577878106,0.001693002257336343,0.9
Census Tract 103.56; El Paso County; Texas,3.5,1418,1226,192,1526,75,0,318,808,325,0,1418,44,0,0,0,0,0,1418,65,40,0,1418,355,492,291,192,31,36,30,0,1226,20,55,43,29,39,0,0,103,0,16,48,141,48141010356,2.857142857142857,0.031029619181946404,0.07404795486600846,,0.2545854732208364,0.6428571428571428,0.5022673864436862,0.11666071417761822,0.19665194570972738,0.25632583416923255,0.2486961365117627,1323,0,116,0.0,0.08767951625094482,
Census Tract 102.30; El Paso County; Texas,3.03,692,450,242,692,0,42,58,500,92,0,692,0,0,0,23,0,0,692,53,20,42,692,116,167,45,242,33,0,35,14,450,93,0,7,0,13,4,7,8,0,9,48,141,48141010230,2.9277456647398843,0.033236994219653176,0.16618497109826588,,0.3,0.10225433526011551,0.07946561843813037,0.12495968642238704,0.4413436937363782,0.33680904192403727,0.24791921352944607,1310,1,288,0.0007633587786259542,0.2198473282442748,1.0
Census Tract 103.58; El Paso County; Texas,3.56,2852,2248,604,3079,51,0,398,1447,1158,25,2852,28,72,0,0,0,0,2852,138,17,0,2852,1093,344,54,604,197,19,103,0,2248,218,92,175,154,120,63,0,0,0,14,48,141,48141010358,3.2133809678467036,0.03506311360448808,0.05434782608695652,,0.3756438557763061,0.3466190321532965,0.2705815809020049,0.13182526831558605,0.1443335709194583,0.47086438922344287,0.2474633867108021,4279,0,179,0.0,0.04183220378593129,
Census Tract 14; El Paso County; Texas,1.86,936,113,823,1157,131,415,481,126,4,0,936,0,0,0,9,9,0,936,31,2,0,936,17,20,6,823,84,95,47,185,113,7,0,0,0,0,0,0,0,0,0,48,141,48141001400,1.5306828003457218,0.019230769230769232,0.027777777777777776,,0.4465811965811966,0.3293171996542783,0.2570499357319825,0.07230108946847144,0.07377049180327869,0.5965788938650024,0.24068766040400819,1285,71,9,0.05525291828793774,0.007003891050583658,0.7605633802816901
Census Tract 11.18; El Paso County; Texas,2.22,1203,557,646,1390,11,511,310,373,134,51,1203,34,0,0,0,0,4,1203,80,252,15,1203,45,70,18,646,54,158,58,38,557,0,0,0,25,0,170,35,0,0,0,48,141,48141001118,2.1877697841726618,0.03158769742310889,0.07315045719035744,,0.4472152950955943,0.032230215827338426,0.024700232311465425,0.11875889674954243,0.19426842729242466,0.5977026374354121,0.238560481669115,1313,12,5,0.00913937547600914,0.003808073115003808,1.0
Census Tract 103.53; El Paso County; Texas,3.43,1427,1295,132,1528,7,0,68,578,780,95,1427,0,37,0,0,0,0,1427,113,47,21,1427,431,625,0,132,0,0,0,54,1295,106,83,124,104,19,7,0,0,0,0,48,141,48141010353,3.576570680628272,0.02592852137351086,0.12683952347582342,,0.33948863636363635,0.14657068062827205,0.11412512983890771,0.0974823378677919,0.3368525049685802,0.4067904410446958,0.23798046383143812,1968,0,72,0.0,0.036585365853658534,
Census Tract 103.71; El Paso County; Texas,3.39,1424,1190,234,1460,0,0,46,858,549,7,1424,89,0,0,0,0,0,1424,16,7,0,1424,712,213,0,234,46,0,13,110,1190,32,267,4,146,0,13,0,0,7,0,48,141,48141010371,3.3541095890410957,0.0625,0.016151685393258428,,0.44803370786516855,0.03589041095890444,0.027562845955205494,0.23497854077253216,0.04289463989685025,0.5991530210380669,0.23651804665653003,2074,0,75,0.0,0.03616200578592092,
Census Tract 103.38; El Paso County; Texas,3.14,2329,1607,722,2329,20,213,174,855,938,129,2329,60,0,20,0,0,0,2329,199,21,0,2329,460,715,288,722,0,169,74,116,1607,134,48,71,84,159,41,13,81,0,0,48,141,48141010338,3.2301416917131816,0.034349506225848,0.094461142121082,,0.3829493087557604,0.09014169171318143,0.06999240254857793,0.12914234958730836,0.25086401678057846,0.483811045978174,0.2364099510755962,2572,0,42,0.0,0.016329704510108865,
Census Tract 102.25; El Paso County; Texas,2.9,1745,1094,651,1795,33,87,238,1075,314,48,1745,19,8,7,15,0,0,1745,100,55,15,1745,275,420,169,651,56,46,94,23,1094,119,170,0,92,34,0,68,13,16,14,48,141,48141010225,2.943732590529248,0.028080229226361032,0.09742120343839542,,0.41072480848556275,0.04373259052924805,0.033696161100379304,0.1055720206106964,0.258725163229837,0.5330345318050228,0.23635076216199974,1912,7,6,0.0036610878661087866,0.0031380753138075313,0.8571428571428571
Census Tract 40.06; El Paso County; Texas,3.22,1145,832,313,1159,5,6,338,524,258,28,1145,12,0,0,32,0,0,1145,294,22,31,1145,269,99,109,313,0,0,38,44,832,31,58,6,13,0,16,0,0,0,0,48,141,48141004006,2.9559965487489217,0.03842794759825328,0.18165938864628822,,0.1799126637554585,0.2640034512510785,0.20596849865493472,0.1444758888243342,0.48243968788030644,0.12399136623430879,0.236144229906941,1021,0,29,0.0,0.02840352595494613,
Census Tract 104.09; El Paso County; Texas,3.36,1856,1577,279,1908,0,35,367,870,619,17,1856,103,0,0,0,0,0,1856,109,129,11,1856,304,752,71,279,0,87,12,0,1577,54,5,44,22,86,100,0,24,9,96,48,141,48141010409,3.1132075471698113,0.05549568965517242,0.1341594827586207,,0.2132616487455197,0.24679245283018858,0.19250789419777595,0.20864473878940357,0.3562923968343697,0.1830921315118721,0.2359411325629367,1706,0,52,0.0,0.03048065650644783,
Census Tract 103.23; El Paso County; Texas,2.75,1410,992,418,1410,42,94,146,855,225,48,1410,0,0,0,0,0,0,1410,106,70,0,1410,313,285,261,418,50,56,38,98,992,81,38,12,147,19,0,29,7,0,0,48,141,48141010323,2.901418439716312,0.0,0.12482269503546099,,0.39971243709561466,0.15141843971631186,0.11791652915183184,0.0,0.3314963376351587,0.5135185082480648,0.23483701730117224,1532,7,22,0.0045691906005221935,0.014360313315926894,0.8571428571428571
Census Tract 2.05; El Paso County; Texas,2.36,1827,669,1158,2127,80,454,659,793,104,37,1827,0,0,0,44,16,16,1827,129,80,19,1827,83,63,271,1158,106,36,11,297,669,0,5,0,8,0,44,18,0,22,20,48,141,48141000205,2.234132581100141,0.04159824849480022,0.12479474548440066,,0.30271167681239625,0.12586741889985875,0.09793325007201648,0.15639513168002142,0.3314221109585722,0.3416146506958126,0.23476437993200594,2719,34,1064,0.01250459727841118,0.39132033835969104,0.8235294117647058
Census Tract 105.06; El Paso County; Texas,3.02,727,543,184,848,21,30,203,463,113,18,727,17,0,0,26,0,0,727,35,29,44,727,102,162,117,184,0,0,0,65,543,8,0,0,0,0,31,25,0,0,16,48,141,48141010506,2.7912735849056602,0.059147180192572216,0.1485557083906465,,0.18143459915611815,0.22872641509433977,0.17837856932518725,0.2223730894793702,0.39452499605384805,0.12668852619011572,0.23269102126983945,207,0,207,0.0,1.0,
Census Tract 103.61; El Paso County; Texas,3.0,1010,798,212,1030,4,0,215,439,337,35,1010,8,0,0,0,0,0,1010,33,4,4,1010,91,461,36,212,0,16,82,30,798,244,5,0,91,3,0,4,4,0,0,48,141,48141010361,3.174757281553398,0.007920792079207921,0.040594059405940595,,0.4726911618669315,0.17475728155339798,0.136169678142648,0.02977945863255853,0.10780717416003896,0.6428507348286009,0.22383225046545713,985,0,37,0.0,0.03756345177664975,
Census Tract 106.02; El Paso County; Texas,3.24,1716,16,1700,1814,9,0,127,1229,439,10,1716,0,0,0,44,17,0,1716,0,0,0,1716,16,0,0,1700,163,145,275,264,16,0,0,0,0,0,0,0,0,0,0,48,141,48141010602,3.1681367144432193,0.035547785547785545,0.0,,0.4935897435897436,0.0718632855567809,0.055696985782983835,0.1336474684114169,0.0,0.6798870096478191,0.2212053900919766,1399,3,1,0.002144388849177984,0.0007147962830593281,1.0
Census Tract 102.10; El Paso County; Texas,2.79,2914,2059,855,3171,0,50,269,1643,1127,82,2914,56,0,0,0,0,0,2914,114,14,0,2914,739,399,402,855,106,105,18,167,2059,84,95,231,47,32,44,0,14,0,0,48,141,48141010210,3.2907600126143173,0.019217570350034317,0.04392587508579272,,0.3160999306037474,0.5007600126143172,0.3911341902210613,0.0722514662087127,0.11665560268685936,0.3653411912497427,0.22040147639097657,2748,10,8,0.00363901018922853,0.002911208151382824,1.0
Census Tract 40.04; El Paso County; Texas,2.83,1808,1350,458,1882,35,17,404,1048,363,15,1808,12,7,22,27,0,0,1808,488,238,102,1808,324,118,124,458,14,28,105,31,1350,74,65,14,0,79,124,4,2,9,45,48,141,48141004004,2.920297555791711,0.03761061946902655,0.1338495575221239,,0.27909738717339666,0.09029755579171095,0.07011430278114195,0.14140301568612557,0.35546931669809956,0.2997656232196589,0.22025250024150567,1984,18,1,0.009072580645161291,0.0005040322580645161,0.5
Census Tract 1.11; El Paso County; Texas,2.4,1272,549,723,1307,0,168,396,457,286,0,1272,9,0,0,0,0,0,1272,85,109,27,1272,148,67,64,723,231,14,0,61,549,52,40,5,15,0,0,0,4,8,20,48,141,48141000111,2.65876052027544,0.007075471698113208,0.1029874213836478,,0.34345047923322686,0.25876052027544016,0.20186803810445353,0.02660134423839987,0.27350757810083515,0.4138115826348233,0.2201838010763253,1201,17,0,0.014154870940882597,0.0,0.5294117647058824
Census Tract 103.36; El Paso County; Texas,3.11,1845,1270,575,1873,58,47,380,885,503,0,1845,27,7,0,0,0,40,1845,105,74,0,1845,350,313,434,575,24,82,74,22,1270,181,26,0,83,78,0,15,0,0,10,48,141,48141010336,2.9225840896956754,0.04010840108401084,0.0970189701897019,,0.2885600455321571,0.18741591030432447,0.14606990533570985,0.15079381695104505,0.25765693722510996,0.3165352595588021,0.21800017534843347,2081,0,39,0.0,0.01874098990869774,
Census Tract 103.52; El Paso County; Texas,3.27,1761,1592,169,1789,42,0,51,911,745,40,1761,11,0,42,0,11,0,1761,106,0,11,1761,420,909,0,169,0,41,9,0,1592,337,109,83,32,59,21,0,0,0,0,48,141,48141010352,3.3622135271101175,0.03634298693923907,0.06643952299829642,,0.37132784958871917,0.09221352711011743,0.07161277087913606,0.13663715261276146,0.1764459463233446,0.46321560265002526,0.2152290872029981,1754,0,24,0.0,0.013683010262257697,
Census Tract 103.70; El Paso County; Texas,3.42,6625,6065,560,7037,66,0,106,3422,2837,606,6625,192,0,0,62,0,0,6625,407,1,0,6625,2731,737,74,560,159,0,176,152,6065,497,654,461,132,293,0,27,0,0,127,48,141,48141010370,3.532187011510587,0.03833962264150943,0.06158490566037736,,0.36390008058017725,0.11218701151058719,0.08723389677614563,0.14414381731314274,0.16355335601608414,0.45005217855059243,0.2140913081908411,9335,0,385,0.0,0.04124263524370648,
Census Tract 43.13; El Paso County; Texas,2.63,1342,422,920,1461,79,275,276,486,284,61,1342,0,0,6,15,6,0,1342,129,86,8,1342,62,65,83,920,31,17,96,198,422,24,27,34,8,18,18,8,0,0,0,48,141,48141004313,2.5503080082135523,0.020119225037257823,0.11028315946348734,,0.34818731117824775,0.07969199178644759,0.061819763520324957,0.0756413782516646,0.29288314480467126,0.4222061527551845,0.2138286905695283,1487,25,10,0.016812373907195696,0.006724949562878279,0.64
Census Tract 102.24; El Paso County; Texas,3.02,1683,1266,417,1861,18,51,142,1063,578,9,1683,28,0,18,16,0,0,1683,12,0,0,1683,676,89,28,417,13,0,9,169,1266,233,76,82,53,84,0,50,0,0,25,48,141,48141010224,3.1601289629231597,0.0368389780154486,0.0071301247771836,,0.43519695044472684,0.14012896292315968,0.10908710636503706,0.1385019087619441,0.018935741211536773,0.5764038372935948,0.21220288852787356,3061,29,16,0.009474028095393662,0.005227049983665469,0.9310344827586207
Census Tract 102.18; El Paso County; Texas,2.94,1466,1392,74,1621,48,0,78,726,661,108,1466,1,0,0,0,0,0,1466,123,17,56,1466,478,437,50,74,10,0,7,18,1392,135,50,23,58,19,11,0,0,0,40,48,141,48141010218,3.40407156076496,0.0006821282401091405,0.13369713506139155,,0.22174840085287847,0.4640715607649599,0.36244040230633445,0.0025645679756893004,0.35506452262205623,0.19813227574460834,0.21155665044563984,1912,21,40,0.010983263598326359,0.02092050209205021,1.0
Census Tract 103.22; El Paso County; Texas,3.24,1744,1322,422,1791,37,24,183,1025,522,0,1744,17,0,0,0,0,0,1744,234,0,23,1744,421,302,155,422,8,7,65,82,1322,55,87,38,62,31,11,16,10,0,42,48,141,48141010322,3.100502512562814,0.00974770642201835,0.1473623853211009,,0.2639138240574506,0.13949748743718615,0.10859323369517702,0.036648029294798594,0.3913558429839073,0.2728574519496778,0.19876637926087126,1949,35,15,0.017957927142124165,0.007696254489481785,0.9714285714285714
Census Tract 103.65; El Paso County; Texas,3.58,1230,968,262,1230,0,100,438,207,438,47,1230,0,66,0,0,0,0,1230,43,7,3,1230,392,77,153,262,0,0,39,44,968,0,22,31,0,66,0,0,0,0,0,48,141,48141010365,2.9138211382113823,0.05365853658536585,0.043089430894308944,,0.11683848797250859,0.6661788617886177,0.5205071437268307,0.20173767402910078,0.11443422630947621,0.012211890513088354,0.19628426015973752,1567,0,97,0.0,0.06190172303765156,
Census Tract 9.02; El Paso County; Texas,2.3,1317,386,931,1797,43,575,455,595,117,12,1317,11,0,0,23,0,0,1317,42,0,16,1317,197,20,84,931,72,59,0,239,386,20,0,52,15,0,9,0,0,0,0,48,141,48141000902,2.1135225375626043,0.025816249050873197,0.04403948367501898,,0.35383447228549736,0.1864774624373955,0.14533595166077004,0.09706023248311124,0.11695731730087008,0.4322139998660819,0.19547808936882538,2252,76,1073,0.03374777975133215,0.47646536412078155,0.9736842105263158
Census Tract 103.72; El Paso County; Texas,3.59,1694,1587,107,1726,0,0,91,1050,552,33,1694,26,0,0,0,0,0,1694,25,39,0,1694,162,516,9,107,0,0,0,0,1587,316,79,66,45,94,2,0,0,0,0,48,141,48141010372,3.305330243337196,0.015348288075560802,0.03778040141676505,,0.3175,0.28466975666280403,0.2221314751386484,0.05770429336562773,0.10033483654944161,0.36782238139045864,0.17877688752239307,3436,0,174,0.0,0.05064027939464494,
Census Tract 102.26; El Paso County; Texas,2.49,2176,1503,673,2264,0,147,398,796,843,80,2176,0,0,0,0,0,0,2176,82,21,0,2176,837,161,29,673,22,51,16,103,1503,109,13,11,33,99,18,0,0,31,0,48,141,48141010226,3.137367491166078,0.0,0.04733455882352941,,0.1959557053442465,0.6473674911660776,0.5057948990879786,0.0,0.1257081726133076,0.1524226973695658,0.17069169731331407,2017,1,100,0.0004957858205255329,0.0495785820525533,1.0
Census Tract 103.63; El Paso County; Texas,3.9,1626,1618,8,1626,62,0,0,324,1175,65,1626,5,46,16,0,0,0,1626,125,10,9,1626,1119,216,0,8,0,0,0,8,1618,48,112,28,41,70,0,0,0,0,4,48,141,48141010363,3.688191881918819,0.04120541205412054,0.08856088560885608,,0.15270618556701032,0.21180811808118083,0.16514688464230132,0.15491820154253041,0.2351944830923719,0.07577629516321556,0.15724753195511626,2423,0,333,0.0,0.13743293437886916,
Census Tract 103.67; El Paso County; Texas,3.37,3272,2672,600,3313,25,196,366,1271,1309,146,3272,0,0,0,0,25,0,3272,106,23,0,3272,1134,386,6,600,155,0,107,95,2672,236,112,79,0,180,41,0,0,0,0,48,141,48141010367,3.2318140658013883,0.007640586797066014,0.03942542787286064,,0.2668175937904269,0.1381859341986118,0.10756747685427656,0.028725982979527158,0.10470359533448234,0.27800348603317,0.12580806060662653,3463,0,34,0.0,0.009818076812012706,
Census Tract 9800; El Paso County; Texas,-666666666.0,0,0,0,0,0,0,0,0,0,0,0,0,0,0,0,0,0,0,0,0,0,0,0,0,0,0,0,0,0,0,0,0,0,0,0,0,0,0,0,0,0,48,141,48141980000,,,,,,,,,,,,10,0,10,0.0,1.0,
