tract,ams_res,res_vac,nostat_res,pct_residential_vacant,pct_no_stat,pct_vacant_12mo_plus,period
48141000106,2578,27,2,0.01047323506594259,0.0007757951900698216,0.5185185185185185,2024-12
48141000106,2389,28,2,0.011720385098367517,0.0008371703641691084,0.5714285714285714,2025-03
48141000106,2389,30,2,0.012557555462536627,0.0008371703641691084,0.6,2025-06
48141000106,2389,27,2,0.011301799916282964,0.0008371703641691084,0.8148148148148148,2025-09
48141000106,2389,23,2,0.009627459187944746,0.0008371703641691084,0.8260869565217391,2025-12
48141000106,2389,23,2,0.009627459187944746,0.0008371703641691084,0.9130434782608695,2026-03
48141000107,1896,49,2,0.025843881856540084,0.0010548523206751054,0.7551020408163265,2024-12
48141000107,1896,47,2,0.024789029535864978,0.0010548523206751054,0.7659574468085106,2025-03
48141000107,1896,46,2,0.024261603375527425,0.0010548523206751054,0.8695652173913043,2025-06
48141000107,1896,43,2,0.02267932489451477,0.0010548523206751054,0.9534883720930233,2025-09
48141000107,1896,40,2,0.02109704641350211,0.0010548523206751054,1.0,2025-12
48141000107,1896,39,2,0.020569620253164556,0.0010548523206751054,0.9743589743589743,2026-03
48141000108,1782,64,159,0.03591470258136925,0.08922558922558922,0.828125,2024-12
48141000108,1971,64,139,0.032470826991374935,0.07052257737189244,0.8125,2025-03
48141000108,1974,64,125,0.03242147922998987,0.06332320162107397,0.84375,2025-06
48141000108,1975,64,109,0.03240506329113924,0.05518987341772152,0.875,2025-09
48141000108,2014,59,80,0.02929493545183714,0.039721946375372394,0.9661016949152542,2025-12
48141000108,1759,20,61,0.01137009664582149,0.03467879476975554,0.95,2026-03
48141000109,1260,16,0,0.012698412698412698,0.0,0.75,2024-12
48141000109,1260,17,0,0.013492063492063493,0.0,0.7647058823529411,2025-03
48141000109,1260,17,0,0.013492063492063493,0.0,0.7647058823529411,2025-06
48141000109,1260,18,0,0.014285714285714285,0.0,0.7777777777777778,2025-09
48141000109,1260,14,0,0.011111111111111112,0.0,0.7857142857142857,2025-12
48141000109,1260,14,0,0.011111111111111112,0.0,0.9285714285714286,2026-03
48141000110,1553,30,62,0.019317450096587252,0.03992273019961365,0.7666666666666667,2024-12
48141000110,1553,31,7,0.019961365099806824,0.004507405022537025,0.7741935483870968,2025-03
48141000110,1489,32,7,0.021490933512424447,0.0047011417058428475,0.78125,2025-06
48141000110,1489,31,7,0.020819341840161182,0.0047011417058428475,0.7741935483870968,2025-09
48141000110,1489,27,7,0.018132975151108125,0.0047011417058428475,0.8148148148148148,2025-12
48141000110,1489,24,7,0.016118200134318333,0.0047011417058428475,0.9166666666666666,2026-03
48141000111,1207,14,6,0.0115990057995029,0.004971002485501243,0.6428571428571429,2024-12
48141000111,1207,15,6,0.012427506213753107,0.004971002485501243,0.4666666666666667,2025-03
48141000111,1201,14,0,0.011656952539550375,0.0,0.5714285714285714,2025-06
48141000111,1201,13,0,0.010824313072439634,0.0,0.6153846153846154,2025-09
48141000111,1201,17,0,0.014154870940882597,0.0,0.5294117647058824,2025-12
48141000111,1201,17,0,0.014154870940882597,0.0,0.5294117647058824,2026-03
48141000112,1585,42,4,0.026498422712933754,0.002523659305993691,0.8095238095238095,2024-12
48141000112,1585,39,4,0.024605678233438486,0.002523659305993691,0.8205128205128205,2025-03
48141000112,1585,39,4,0.024605678233438486,0.002523659305993691,0.8717948717948718,2025-06
48141000112,1585,37,4,0.02334384858044164,0.002523659305993691,0.918918918918919,2025-09
48141000112,1585,40,4,0.025236593059936908,0.002523659305993691,0.825,2025-12
48141000112,1585,42,4,0.026498422712933754,0.002523659305993691,0.7857142857142857,2026-03
48141000113,1566,25,1,0.015964240102171137,0.0006385696040868455,0.6,2024-12
48141000113,1566,23,1,0.014687100893997445,0.0006385696040868455,0.6956521739130435,2025-03
48141000113,1566,26,1,0.016602809706257982,0.0006385696040868455,0.7692307692307693,2025-06
48141000113,1566,25,1,0.015964240102171137,0.0006385696040868455,0.76,2025-09
48141000113,1566,22,1,0.0140485312899106,0.0006385696040868455,0.8636363636363636,2025-12
48141000113,1566,22,1,0.0140485312899106,0.0006385696040868455,0.8181818181818182,2026-03
48141000114,1621,21,1,0.012954966070326958,0.0006169031462060457,0.5714285714285714,2024-12
48141000114,1621,22,1,0.013571869216533004,0.0006169031462060457,0.5454545454545454,2025-03
48141000114,1621,23,1,0.01418877236273905,0.0006169031462060457,0.6086956521739131,2025-06
48141000114,1622,23,2,0.014180024660912454,0.0012330456226880395,0.6956521739130435,2025-09
48141000114,1622,21,2,0.012946979038224414,0.0012330456226880395,0.9047619047619048,2025-12
48141000114,1622,21,2,0.012946979038224414,0.0012330456226880395,0.9523809523809523,2026-03
48141000204,2004,42,4,0.020958083832335328,0.001996007984031936,0.6666666666666666,2024-12
48141000204,2004,47,4,0.023453093812375248,0.001996007984031936,0.5531914893617021,2025-03
48141000204,2005,39,5,0.01945137157107232,0.0024937655860349127,0.717948717948718,2025-06
48141000204,2005,39,5,0.01945137157107232,0.0024937655860349127,0.717948717948718,2025-09
48141000204,2004,33,5,0.016467065868263474,0.00249500998003992,0.7878787878787878,2025-12
48141000204,2004,34,5,0.016966067864271458,0.00249500998003992,0.8529411764705882,2026-03
48141000205,2682,35,1031,0.013049962714392245,0.3844146159582401,0.6571428571428571,2024-12
48141000205,2683,36,1033,0.013417815877748788,0.3850167722698472,0.6388888888888888,2025-03
48141000205,2680,33,1030,0.012313432835820896,0.3843283582089552,0.7272727272727273,2025-06
48141000205,2717,33,1067,0.012145748987854251,0.39271255060728744,0.7878787878787878,2025-09
48141000205,2719,31,1065,0.01140125045972784,0.3916881206325855,0.8387096774193549,2025-12
48141000205,2719,34,1064,0.01250459727841118,0.39132033835969104,0.8235294117647058,2026-03
48141000206,1708,28,2,0.01639344262295082,0.00117096018735363,0.8571428571428571,2024-12
48141000206,1708,28,2,0.01639344262295082,0.00117096018735363,0.7142857142857143,2025-03
48141000206,1708,30,2,0.01756440281030445,0.00117096018735363,0.6666666666666666,2025-06
48141000206,1708,30,2,0.01756440281030445,0.00117096018735363,0.7,2025-09
48141000206,1708,26,2,0.01522248243559719,0.00117096018735363,0.8076923076923077,2025-12
48141000206,1708,26,2,0.01522248243559719,0.00117096018735363,0.9230769230769231,2026-03
48141000207,1706,25,4,0.014654161781946073,0.0023446658851113715,0.8,2024-12
48141000207,1706,26,4,0.015240328253223915,0.0023446658851113715,0.8461538461538461,2025-03
48141000207,1706,27,4,0.015826494724501757,0.0023446658851113715,0.8148148148148148,2025-06
48141000207,1706,27,4,0.015826494724501757,0.0023446658851113715,0.9259259259259259,2025-09
48141000207,1706,23,4,0.013481828839390387,0.0023446658851113715,0.9565217391304348,2025-12
48141000207,1741,27,5,0.015508328546812177,0.002871912693854107,0.9629629629629629,2026-03
48141000208,1576,55,54,0.03489847715736041,0.03426395939086294,0.7090909090909091,2024-12
48141000208,1576,53,54,0.03362944162436548,0.03426395939086294,0.7547169811320755,2025-03
48141000208,1576,51,54,0.03236040609137056,0.03426395939086294,0.8235294117647058,2025-06
48141000208,1577,48,54,0.030437539632213063,0.03424223208623969,0.875,2025-09
48141000208,1577,48,54,0.030437539632213063,0.03424223208623969,0.9375,2025-12
48141000208,1797,80,56,0.044518642181413465,0.031163049526989426,0.975,2026-03
48141000301,2514,94,41,0.03739061256961018,0.016308671439936355,0.9361702127659575,2024-12
48141000301,2521,95,42,0.03768345894486315,0.016660055533518445,0.9263157894736842,2025-03
48141000301,2524,95,44,0.03763866877971474,0.017432646592709985,0.9368421052631579,2025-06
48141000301,2524,93,37,0.036846275752773376,0.014659270998415214,0.978494623655914,2025-09
48141000301,2524,91,37,0.036053882725832015,0.014659270998415214,0.978021978021978,2025-12
48141000301,2552,88,35,0.034482758620689655,0.01371473354231975,0.9886363636363636,2026-03
48141000302,1856,41,21,0.02209051724137931,0.011314655172413793,0.926829268292683,2024-12
48141000302,1856,39,21,0.02101293103448276,0.011314655172413793,0.9487179487179487,2025-03
48141000302,1857,40,21,0.021540118470651588,0.011308562197092083,0.925,2025-06
48141000302,1857,39,21,0.0210016155088853,0.011308562197092083,1.0,2025-09
48141000302,1857,39,21,0.0210016155088853,0.011308562197092083,0.9743589743589743,2025-12
48141000302,1857,39,21,0.0210016155088853,0.011308562197092083,0.9743589743589743,2026-03
48141000401,2691,46,10,0.017094017094017096,0.0037160906726124115,0.8478260869565217,2024-12
48141000401,2690,46,9,0.017100371747211896,0.003345724907063197,0.8913043478260869,2025-03
48141000401,2690,45,9,0.016728624535315983,0.003345724907063197,0.9333333333333333,2025-06
48141000401,2690,43,9,0.015985130111524165,0.003345724907063197,0.9767441860465116,2025-09
48141000401,2690,40,9,0.01486988847583643,0.003345724907063197,1.0,2025-12
48141000401,2448,38,9,0.015522875816993464,0.003676470588235294,1.0,2026-03
48141000403,2516,24,1269,0.009538950715421303,0.5043720190779014,0.8333333333333334,2024-12
48141000403,2511,24,1267,0.009557945041816009,0.5045798486658701,0.8333333333333334,2025-03
48141000403,2514,23,1267,0.009148766905330152,0.5039777247414479,0.9130434782608695,2025-06
48141000403,2521,23,1269,0.009123363744545815,0.503371677905593,0.9130434782608695,2025-09
48141000403,2522,19,1270,0.00753370340999207,0.5035685963521015,1.0,2025-12
48141000403,2523,18,1271,0.007134363852556481,0.5037653586999604,1.0,2026-03
48141000404,1668,80,216,0.047961630695443645,0.12949640287769784,0.95,2024-12
48141000404,1958,79,503,0.04034729315628192,0.2568947906026558,0.9620253164556962,2025-03
48141000404,1961,79,505,0.04028556858745538,0.2575216726160122,0.9620253164556962,2025-06
48141000404,1822,76,355,0.04171240395170143,0.19484083424807905,0.9605263157894737,2025-09
48141000404,1823,71,347,0.038946791003839826,0.19034558420186506,0.9859154929577465,2025-12
48141000404,1823,71,341,0.038946791003839826,0.1870543060888645,0.9859154929577465,2026-03
48141000600,1716,44,15,0.02564102564102564,0.008741258741258742,1.0,2024-12
48141000600,1718,45,15,0.02619324796274738,0.008731082654249126,0.9777777777777777,2025-03
48141000600,1719,45,15,0.02617801047120419,0.008726003490401396,0.9777777777777777,2025-06
48141000600,1719,45,15,0.02617801047120419,0.008726003490401396,0.9777777777777777,2025-09
48141000600,1719,41,15,0.02385107620709715,0.008726003490401396,0.975609756097561,2025-12
48141000600,1719,39,12,0.02268760907504363,0.006980802792321117,1.0,2026-03
48141000800,2849,103,592,0.03615303615303615,0.2077922077922078,0.912621359223301,2024-12
48141000800,2850,104,590,0.036491228070175435,0.20701754385964913,0.9134615384615384,2025-03
48141000800,2853,105,593,0.03680336487907466,0.20785138450753593,0.9142857142857143,2025-06
48141000800,2856,105,596,0.03676470588235294,0.20868347338935575,0.9047619047619048,2025-09
48141000800,2859,99,599,0.03462749213011543,0.20951381601958727,0.9292929292929293,2025-12
48141000800,3100,97,598,0.03129032258064516,0.1929032258064516,0.9587628865979382,2026-03
48141000901,1751,72,13,0.041119360365505425,0.0074243289548829245,0.9444444444444444,2024-12
48141000901,1751,73,13,0.04169046259280411,0.0074243289548829245,0.9315068493150684,2025-03
48141000901,1751,74,13,0.0422615648201028,0.0074243289548829245,0.9459459459459459,2025-06
48141000901,1751,76,13,0.043403769274700174,0.0074243289548829245,0.9342105263157895,2025-09
48141000901,1751,70,13,0.03997715591090805,0.0074243289548829245,0.8857142857142857,2025-12
48141000901,1751,68,12,0.038834951456310676,0.006853226727584237,0.8823529411764706,2026-03
48141000902,2252,72,1073,0.03197158081705151,0.47646536412078155,0.9861111111111112,2024-12
48141000902,2252,73,1073,0.03241563055062167,0.47646536412078155,0.9726027397260274,2025-03
48141000902,2252,74,1073,0.03285968028419183,0.47646536412078155,0.9594594594594594,2025-06
48141000902,2252,75,1073,0.03330373001776199,0.47646536412078155,0.9466666666666667,2025-09
48141000902,2252,77,1073,0.034191829484902306,0.47646536412078155,0.935064935064935,2025-12
48141000902,2252,76,1073,0.03374777975133215,0.47646536412078155,0.9736842105263158,2026-03
48141001001,1279,51,9,0.0398749022673964,0.007036747458952306,0.7843137254901961,2024-12
48141001001,1279,52,9,0.040656763096168884,0.007036747458952306,0.8269230769230769,2025-03
48141001001,1279,51,9,0.0398749022673964,0.007036747458952306,0.9215686274509803,2025-06
48141001001,1279,51,9,0.0398749022673964,0.007036747458952306,0.9607843137254902,2025-09
48141001001,1279,48,9,0.03752931978107897,0.007036747458952306,0.9583333333333334,2025-12
48141001001,1279,44,9,0.03440187646598905,0.007036747458952306,0.9545454545454546,2026-03
48141001002,1438,43,29,0.029902642559109873,0.020166898470097356,0.8604651162790697,2024-12
48141001002,1438,43,29,0.029902642559109873,0.020166898470097356,0.9069767441860465,2025-03
48141001002,1440,45,29,0.03125,0.02013888888888889,0.9111111111111111,2025-06
48141001002,1440,43,35,0.029861111111111113,0.024305555555555556,0.9069767441860465,2025-09
48141001002,1440,42,35,0.029166666666666667,0.024305555555555556,0.8809523809523809,2025-12
48141001002,1446,44,35,0.030428769017980636,0.024204702627939143,0.8636363636363636,2026-03
48141001107,2698,17,4,0.006300963676797628,0.0014825796886582653,0.8823529411764706,2024-12
48141001107,2699,18,5,0.006669136717302705,0.001852537977028529,0.8333333333333334,2025-03
48141001107,2699,15,5,0.005557613931085587,0.001852537977028529,0.8666666666666667,2025-06
48141001107,2699,15,5,0.005557613931085587,0.001852537977028529,0.8666666666666667,2025-09
48141001107,2699,9,5,0.0033345683586513525,0.001852537977028529,0.8888888888888888,2025-12
48141001107,2699,9,5,0.0033345683586513525,0.001852537977028529,0.8888888888888888,2026-03
48141001109,2053,15,17,0.007306380905991232,0.008280565026790063,0.8666666666666667,2024-12
48141001109,2052,17,16,0.008284600389863547,0.007797270955165692,0.7647058823529411,2025-03
48141001109,2052,17,16,0.008284600389863547,0.007797270955165692,0.7647058823529411,2025-06
48141001109,2052,17,16,0.008284600389863547,0.007797270955165692,0.8823529411764706,2025-09
48141001109,2052,10,13,0.004873294346978557,0.006335282651072124,0.7,2025-12
48141001109,2052,7,14,0.00341130604288499,0.00682261208576998,0.8571428571428571,2026-03
48141001110,2248,36,2,0.01601423487544484,0.0008896797153024911,0.9166666666666666,2024-12
48141001110,2248,39,2,0.017348754448398576,0.0008896797153024911,0.8461538461538461,2025-03
48141001110,2249,38,2,0.016896398399288574,0.0008892841262783459,0.868421052631579,2025-06
48141001110,2249,38,2,0.016896398399288574,0.0008892841262783459,0.9210526315789473,2025-09
48141001110,2249,33,1,0.014673188083592708,0.00044464206313917296,1.0,2025-12
48141001110,2249,29,1,0.012894619831036016,0.00044464206313917296,1.0,2026-03
48141001111,2981,67,24,0.02247567930224757,0.008050989600805098,0.8955223880597015,2024-12
48141001111,2983,67,23,0.022460610124036204,0.0077103586992960105,0.8955223880597015,2025-03
48141001111,2983,66,23,0.02212537713711029,0.0077103586992960105,0.8939393939393939,2025-06
48141001111,2985,63,23,0.021105527638190954,0.007705192629815745,1.0,2025-09
48141001111,2985,49,21,0.01641541038525963,0.007035175879396985,1.0,2025-12
48141001111,2907,45,20,0.015479876160990712,0.0068799449604403165,1.0,2026-03
48141001112,2045,57,7,0.02787286063569682,0.0034229828850855745,0.8596491228070176,2024-12
48141001112,2037,58,7,0.02847324496809033,0.003436426116838488,0.8448275862068966,2025-03
48141001112,2037,59,7,0.028964162984781543,0.003436426116838488,0.8813559322033898,2025-06
48141001112,2037,59,7,0.028964162984781543,0.003436426116838488,0.9491525423728814,2025-09
48141001112,2037,56,7,0.027491408934707903,0.003436426116838488,0.9464285714285714,2025-12
48141001112,2037,47,7,0.023073146784486992,0.003436426116838488,0.9574468085106383,2026-03
48141001114,2650,46,116,0.017358490566037735,0.04377358490566038,0.9347826086956522,2024-12
48141001114,2652,47,117,0.017722473604826545,0.04411764705882353,0.9148936170212766,2025-03
48141001114,2651,47,117,0.017729158807996984,0.044134288947566956,0.9574468085106383,2025-06
48141001114,2651,47,117,0.017729158807996984,0.044134288947566956,0.9787234042553191,2025-09
48141001114,2651,40,117,0.015088645794039984,0.044134288947566956,1.0,2025-12
48141001114,2650,39,116,0.01471698113207547,0.04377358490566038,1.0,2026-03
48141001115,2472,27,74,0.010922330097087379,0.029935275080906147,0.9259259259259259,2024-12
48141001115,2472,28,85,0.011326860841423949,0.034385113268608415,0.8928571428571429,2025-03
48141001115,2472,27,85,0.010922330097087379,0.034385113268608415,0.8888888888888888,2025-06
48141001115,2472,26,85,0.010517799352750809,0.034385113268608415,0.9230769230769231,2025-09
48141001115,2472,27,85,0.010922330097087379,0.034385113268608415,0.8518518518518519,2025-12
48141001115,2557,24,86,0.009385999217833398,0.03363316386390301,0.875,2026-03
48141001116,1251,12,9,0.009592326139088728,0.007194244604316547,1.0,2024-12
48141001116,1250,14,8,0.0112,0.0064,0.8571428571428571,2025-03
48141001116,1250,14,8,0.0112,0.0064,0.8571428571428571,2025-06
48141001116,1250,13,8,0.0104,0.0064,0.9230769230769231,2025-09
48141001116,1250,10,8,0.008,0.0064,0.9,2025-12
48141001116,1293,10,48,0.007733952049497293,0.037122969837587005,1.0,2026-03
48141001117,3107,21,587,0.0067589314451239136,0.18892822658513034,0.9047619047619048,2024-12
48141001117,3113,22,593,0.007067137809187279,0.1904914873112753,0.8181818181818182,2025-03
48141001117,3109,22,589,0.007076230299131554,0.1894499839176584,0.8181818181818182,2025-06
48141001117,3114,22,594,0.007064868336544637,0.1907514450867052,0.8636363636363636,2025-09
48141001117,3113,16,593,0.00513973658849984,0.1904914873112753,0.9375,2025-12
48141001117,3117,15,597,0.004812319538017324,0.1915303176130895,1.0,2026-03
48141001118,1314,17,5,0.01293759512937595,0.00380517503805175,0.8235294117647058,2024-12
48141001118,1314,18,5,0.0136986301369863,0.00380517503805175,0.7777777777777778,2025-03
48141001118,1314,18,5,0.0136986301369863,0.00380517503805175,0.8333333333333334,2025-06
48141001118,1314,18,5,0.0136986301369863,0.00380517503805175,0.9444444444444444,2025-09
48141001118,1314,14,5,0.0106544901065449,0.00380517503805175,0.9285714285714286,2025-12
48141001118,1313,12,5,0.00913937547600914,0.003808073115003808,1.0,2026-03
48141001119,1663,23,3,0.013830426939266387,0.0018039687312086591,0.7391304347826086,2024-12
48141001119,1664,26,3,0.015625,0.0018028846153846155,0.6153846153846154,2025-03
48141001119,1664,26,3,0.015625,0.0018028846153846155,0.6538461538461539,2025-06
48141001119,1664,25,3,0.015024038461538462,0.0018028846153846155,0.76,2025-09
48141001119,1664,21,2,0.012620192307692308,0.001201923076923077,0.8095238095238095,2025-12
48141001119,1664,18,2,0.010817307692307692,0.001201923076923077,0.9444444444444444,2026-03
48141001202,4388,8,2568,0.0018231540565177757,0.585232452142206,1.0,2024-12
48141001202,4388,9,2568,0.002051048313582498,0.585232452142206,0.8888888888888888,2025-03
48141001202,4394,8,2574,0.0018206645425580337,0.5857988165680473,1.0,2025-06
48141001202,4397,6,2577,0.001364566750056857,0.58608141914942,1.0,2025-09
48141001202,4397,5,2577,0.0011371389583807142,0.58608141914942,1.0,2025-12
48141001202,4412,4,2581,0.0009066183136899365,0.5849954669084315,1.0,2026-03
48141001204,2131,28,15,0.01313937118723604,0.0070389488503050214,0.6785714285714286,2024-12
48141001204,2144,26,15,0.012126865671641791,0.006996268656716418,0.6153846153846154,2025-03
48141001204,2144,26,15,0.012126865671641791,0.006996268656716418,0.9230769230769231,2025-06
48141001204,2144,26,15,0.012126865671641791,0.006996268656716418,0.9615384615384616,2025-09
48141001204,2144,23,15,0.010727611940298507,0.006996268656716418,1.0,2025-12
48141001204,2135,24,17,0.011241217798594848,0.007962529274004685,0.9166666666666666,2026-03
48141001301,1679,12,62,0.00714711137581894,0.03692674210839786,0.9166666666666666,2024-12
48141001301,1559,14,43,0.008980115458627326,0.027581783194355357,0.7857142857142857,2025-03
48141001301,1560,5,44,0.003205128205128205,0.028205128205128206,0.6,2025-06
48141001301,1560,5,44,0.003205128205128205,0.028205128205128206,0.6,2025-09
48141001301,1561,4,39,0.0025624599615631004,0.024983984625240232,1.0,2025-12
48141001301,1562,4,38,0.002560819462227913,0.024327784891165175,1.0,2026-03
48141001302,2672,64,47,0.023952095808383235,0.017589820359281437,0.84375,2024-12
48141001302,2664,70,39,0.026276276276276277,0.01463963963963964,0.8142857142857143,2025-03
48141001302,2664,48,39,0.018018018018018018,0.01463963963963964,0.9166666666666666,2025-06
48141001302,2664,66,39,0.024774774774774775,0.01463963963963964,0.6515151515151515,2025-09
48141001302,2664,59,26,0.022147147147147148,0.00975975975975976,0.6610169491525424,2025-12
48141001302,2664,53,25,0.019894894894894894,0.009384384384384385,0.6792452830188679,2026-03
48141001400,1281,55,8,0.0429352068696331,0.00624512099921936,0.6727272727272727,2024-12
48141001400,1283,55,8,0.042868277474668745,0.006235385814497272,0.6727272727272727,2025-03
48141001400,1283,55,8,0.042868277474668745,0.006235385814497272,0.9818181818181818,2025-06
48141001400,1284,55,9,0.042834890965732085,0.007009345794392523,1.0,2025-09
48141001400,1284,54,9,0.04205607476635514,0.007009345794392523,1.0,2025-12
48141001400,1285,71,9,0.05525291828793774,0.007003891050583658,0.7605633802816901,2026-03
48141001501,2398,15,15,0.006255212677231026,0.006255212677231026,0.9333333333333333,2024-12
48141001501,2400,15,15,0.00625,0.00625,0.9333333333333333,2025-03
48141001501,2400,14,15,0.005833333333333334,0.00625,1.0,2025-06
48141001501,2400,12,15,0.005,0.00625,1.0,2025-09
48141001501,2400,11,15,0.004583333333333333,0.00625,0.9090909090909091,2025-12
48141001501,2394,11,15,0.004594820384294068,0.006265664160401002,0.9090909090909091,2026-03
48141001502,1569,3,36,0.0019120458891013384,0.022944550669216062,0.3333333333333333,2024-12
48141001502,1569,3,36,0.0019120458891013384,0.022944550669216062,0.3333333333333333,2025-03
48141001502,1569,3,36,0.0019120458891013384,0.022944550669216062,0.3333333333333333,2025-06
48141001502,1569,3,36,0.0019120458891013384,0.022944550669216062,0.6666666666666666,2025-09
48141001502,1569,2,34,0.0012746972594008922,0.021669853409815167,1.0,2025-12
48141001502,1569,1,34,0.0006373486297004461,0.021669853409815167,1.0,2026-03
48141001600,2517,26,102,0.010329757647993643,0.04052443384982122,0.9615384615384616,2024-12
48141001600,2517,27,102,0.010727056019070322,0.04052443384982122,0.8888888888888888,2025-03
48141001600,2517,27,102,0.010727056019070322,0.04052443384982122,0.8888888888888888,2025-06
48141001600,2517,28,102,0.011124354390147001,0.04052443384982122,0.8571428571428571,2025-09
48141001600,2517,28,102,0.011124354390147001,0.04052443384982122,0.8571428571428571,2025-12
48141001600,2517,27,102,0.010727056019070322,0.04052443384982122,0.8888888888888888,2026-03
48141001700,3080,19,2530,0.006168831168831169,0.8214285714285714,0.8947368421052632,2024-12
48141001700,3085,19,2533,0.006158833063209076,0.8210696920583468,0.8947368421052632,2025-03
48141001700,3084,19,2530,0.00616083009079118,0.8203631647211413,0.8947368421052632,2025-06
48141001700,3084,19,2528,0.00616083009079118,0.8197146562905318,0.8947368421052632,2025-09
48141001700,3090,21,2534,0.006796116504854369,0.8200647249190939,0.8571428571428571,2025-12
48141001700,3095,20,2536,0.006462035541195477,0.8193861066235865,0.9,2026-03
48141001800,602,32,15,0.053156146179401995,0.024916943521594685,1.0,2024-12
48141001800,603,31,15,0.05140961857379768,0.024875621890547265,1.0,2025-03
48141001800,603,31,15,0.05140961857379768,0.024875621890547265,1.0,2025-06
48141001800,603,30,15,0.04975124378109453,0.024875621890547265,1.0,2025-09
48141001800,603,30,15,0.04975124378109453,0.024875621890547265,1.0,2025-12
48141001800,603,30,15,0.04975124378109453,0.024875621890547265,1.0,2026-03
48141001900,1152,55,58,0.04774305555555555,0.050347222222222224,0.9454545454545454,2024-12
48141001900,1152,51,58,0.044270833333333336,0.050347222222222224,0.9607843137254902,2025-03
48141001900,1152,50,58,0.043402777777777776,0.050347222222222224,1.0,2025-06
48141001900,1152,49,58,0.042534722222222224,0.050347222222222224,0.9795918367346939,2025-09
48141001900,1152,43,58,0.03732638888888889,0.050347222222222224,0.9534883720930233,2025-12
48141001900,1149,43,58,0.03742384682332463,0.050478677110530897,0.9534883720930233,2026-03
48141002000,1048,36,65,0.03435114503816794,0.06202290076335878,0.9444444444444444,2024-12
48141002000,1048,34,65,0.03244274809160305,0.06202290076335878,0.9411764705882353,2025-03
48141002000,1048,34,65,0.03244274809160305,0.06202290076335878,1.0,2025-06
48141002000,1048,34,65,0.03244274809160305,0.06202290076335878,1.0,2025-09
48141002000,1048,35,65,0.033396946564885496,0.06202290076335878,0.9714285714285714,2025-12
48141002000,1051,34,65,0.03235014272121789,0.06184586108468126,0.9705882352941176,2026-03
48141002100,1204,92,81,0.07641196013289037,0.06727574750830564,0.9347826086956522,2024-12
48141002100,1204,92,78,0.07641196013289037,0.06478405315614617,0.9456521739130435,2025-03
48141002100,1204,94,77,0.07807308970099668,0.06395348837209303,0.9468085106382979,2025-06
48141002100,1204,94,77,0.07807308970099668,0.06395348837209303,0.9468085106382979,2025-09
48141002100,1205,95,77,0.07883817427385892,0.06390041493775933,0.9578947368421052,2025-12
48141002100,1205,94,76,0.07800829875518672,0.06307053941908713,0.9574468085106383,2026-03
48141002201,1439,9,92,0.006254343293954135,0.06393328700486449,0.6666666666666666,2024-12
48141002201,1440,10,86,0.006944444444444444,0.059722222222222225,0.6,2025-03
48141002201,1440,11,86,0.007638888888888889,0.059722222222222225,0.7272727272727273,2025-06
48141002201,1443,11,79,0.007623007623007623,0.05474705474705475,0.7272727272727273,2025-09
48141002201,1443,9,74,0.006237006237006237,0.05128205128205128,0.8888888888888888,2025-12
48141002201,1443,8,74,0.005544005544005544,0.05128205128205128,0.875,2026-03
48141002202,2039,7,85,0.0034330554193231977,0.04168710152035311,0.5714285714285714,2024-12
48141002202,2039,8,85,0.00392349190779794,0.04168710152035311,0.5,2025-03
48141002202,2039,8,85,0.00392349190779794,0.04168710152035311,0.5,2025-06
48141002202,2040,8,85,0.00392156862745098,0.041666666666666664,0.875,2025-09
48141002202,2040,6,83,0.0029411764705882353,0.04068627450980392,0.8333333333333334,2025-12
48141002202,2038,6,83,0.002944062806673209,0.04072620215897939,1.0,2026-03
48141002300,1856,35,25,0.018857758620689655,0.013469827586206896,0.9428571428571428,2024-12
48141002300,1869,37,25,0.019796682718031033,0.01337613697164259,0.8648648648648649,2025-03
48141002300,1869,38,25,0.020331728196896735,0.01337613697164259,0.7894736842105263,2025-06
48141002300,1869,39,25,0.02086677367576244,0.01337613697164259,0.7948717948717948,2025-09
48141002300,1869,37,20,0.019796682718031033,0.010700909577314071,0.8108108108108109,2025-12
48141002300,1869,34,20,0.01819154628143392,0.010700909577314071,0.9117647058823529,2026-03
48141002400,1337,63,27,0.04712041884816754,0.02019446522064323,0.9841269841269841,2024-12
48141002400,1337,63,27,0.04712041884816754,0.02019446522064323,0.9682539682539683,2025-03
48141002400,1337,62,27,0.04637247569184742,0.02019446522064323,0.967741935483871,2025-06
48141002400,1337,61,27,0.0456245325355273,0.02019446522064323,0.9672131147540983,2025-09
48141002400,1337,60,27,0.04487658937920718,0.02019446522064323,0.9666666666666667,2025-12
48141002400,1337,58,27,0.04338070306656694,0.02019446522064323,0.9482758620689655,2026-03
48141002500,2348,63,40,0.026831345826235094,0.017035775127768313,0.8571428571428571,2024-12
48141002500,2348,48,40,0.020442930153321975,0.017035775127768313,0.9166666666666666,2025-03
48141002500,2348,46,40,0.019591141396933562,0.017035775127768313,0.8913043478260869,2025-06
48141002500,2348,42,40,0.01788756388415673,0.017035775127768313,0.8809523809523809,2025-09
48141002500,2348,42,40,0.01788756388415673,0.017035775127768313,0.8809523809523809,2025-12
48141002500,2348,43,40,0.018313458262350937,0.017035775127768313,0.8604651162790697,2026-03
48141002600,2057,107,887,0.05201750121536218,0.4312105007292173,0.9813084112149533,2024-12
48141002600,2059,98,889,0.047595920349684316,0.43176299174356486,1.0,2025-03
48141002600,2061,97,891,0.047064531780688985,0.43231441048034935,0.9896907216494846,2025-06
48141002600,2064,95,894,0.046027131782945735,0.4331395348837209,0.9789473684210527,2025-09
48141002600,2065,88,895,0.04261501210653753,0.43341404358353514,0.9772727272727273,2025-12
48141002600,2066,87,896,0.04211035818005808,0.43368828654404645,0.9885057471264368,2026-03
48141002800,2411,470,64,0.19493985897967647,0.026545002073828285,0.9957446808510638,2024-12
48141002800,2405,464,58,0.19293139293139294,0.024116424116424118,0.9956896551724138,2025-03
48141002800,2386,462,39,0.19362950544844929,0.016345347862531435,0.9956709956709957,2025-06
48141002800,2386,462,39,0.19362950544844929,0.016345347862531435,0.9956709956709957,2025-09
48141002800,2387,408,39,0.1709258483452032,0.016338500209467952,0.9852941176470589,2025-12
48141002800,2387,409,39,0.17134478424801006,0.016338500209467952,0.9828850855745721,2026-03
48141002900,621,17,17,0.027375201288244767,0.027375201288244767,0.9411764705882353,2024-12
48141002900,621,16,17,0.02576489533011272,0.027375201288244767,1.0,2025-03
48141002900,620,15,16,0.024193548387096774,0.025806451612903226,0.9333333333333333,2025-06
48141002900,619,13,16,0.0210016155088853,0.025848142164781908,0.9230769230769231,2025-09
48141002900,619,14,14,0.022617124394184167,0.022617124394184167,0.8571428571428571,2025-12
48141002900,624,15,14,0.02403846153846154,0.022435897435897436,0.8666666666666667,2026-03
48141003000,3041,48,1639,0.015784281486353174,0.5389674449194344,0.8958333333333334,2024-12
48141003000,3043,46,1641,0.01511666118961551,0.5392704567860663,0.9782608695652174,2025-03
48141003000,3039,46,1637,0.015136558078315236,0.5386640342217834,0.9782608695652174,2025-06
48141003000,3038,46,1636,0.015141540487162607,0.5385121790651745,0.9565217391304348,2025-09
48141003000,3040,46,1638,0.015131578947368421,0.5388157894736842,0.9130434782608695,2025-12
48141003000,3041,46,1638,0.015126603091088459,0.538638605721802,0.8695652173913043,2026-03
48141003100,1253,52,0,0.041500399042298484,0.0,0.9423076923076923,2024-12
48141003100,1253,49,0,0.03910614525139665,0.0,0.9795918367346939,2025-03
48141003100,1255,46,0,0.036653386454183264,0.0,1.0,2025-06
48141003100,1256,7,0,0.005573248407643312,0.0,1.0,2025-09
48141003100,1256,5,0,0.003980891719745223,0.0,1.0,2025-12
48141003100,1256,7,0,0.005573248407643312,0.0,0.7142857142857143,2026-03
48141003200,1010,73,40,0.07227722772277227,0.039603960396039604,0.9863013698630136,2024-12
48141003200,1010,73,40,0.07227722772277227,0.039603960396039604,0.958904109589041,2025-03
48141003200,1002,73,35,0.07285429141716566,0.03493013972055888,0.958904109589041,2025-06
48141003200,1002,72,35,0.0718562874251497,0.03493013972055888,0.9583333333333334,2025-09
48141003200,1002,69,35,0.0688622754491018,0.03493013972055888,0.9855072463768116,2025-12
48141003200,1002,69,35,0.0688622754491018,0.03493013972055888,0.9855072463768116,2026-03
48141003300,2306,105,14,0.04553339115351258,0.006071118820468344,0.9238095238095239,2024-12
48141003300,2306,97,14,0.04206418039895923,0.006071118820468344,0.9484536082474226,2025-03
48141003300,2306,93,14,0.040329575021682565,0.006071118820468344,0.956989247311828,2025-06
48141003300,2306,90,14,0.03902862098872507,0.006071118820468344,0.9777777777777777,2025-09
48141003300,2306,87,14,0.03772766695576756,0.006071118820468344,0.9770114942528736,2025-12
48141003300,2306,86,14,0.0372940156114484,0.006071118820468344,0.9767441860465116,2026-03
48141003402,3600,51,1194,0.014166666666666666,0.33166666666666667,0.9215686274509803,2024-12
48141003402,3601,49,1195,0.013607331296861983,0.3318522632602055,0.9183673469387755,2025-03
48141003402,3620,42,1213,0.011602209944751382,0.3350828729281768,0.9761904761904762,2025-06
48141003402,3621,43,1214,0.011875172604252969,0.33526650096658384,0.9534883720930233,2025-09
48141003402,3627,44,1219,0.01213123793768955,0.3360904328646264,0.9545454545454546,2025-12
48141003402,3637,45,1226,0.012372834753918064,0.33709100907341216,0.9111111111111111,2026-03
48141003403,2434,66,4,0.027115858668857847,0.0016433853738701725,0.9090909090909091,2024-12
48141003403,2434,65,12,0.026705012325390305,0.0049301561216105174,0.9538461538461539,2025-03
48141003403,2434,64,12,0.02629416598192276,0.0049301561216105174,0.96875,2025-06
48141003403,2434,64,12,0.02629416598192276,0.0049301561216105174,1.0,2025-09
48141003403,2434,59,12,0.024239934264585046,0.0049301561216105174,1.0,2025-12
48141003403,2434,26,12,0.010682004930156122,0.0049301561216105174,0.9615384615384616,2026-03
48141003404,2818,33,26,0.01171043293115685,0.009226401703335699,0.8787878787878788,2024-12
48141003404,2819,33,26,0.011706278822277403,0.009223128769067045,0.9393939393939394,2025-03
48141003404,2819,32,26,0.011351543100390209,0.009223128769067045,1.0,2025-06
48141003404,2820,32,28,0.011347517730496455,0.009929078014184398,1.0,2025-09
48141003404,2822,24,27,0.008504606661941885,0.00956768249468462,1.0,2025-12
48141003404,2822,24,27,0.008504606661941885,0.00956768249468462,1.0,2026-03
48141003501,1196,10,27,0.008361204013377926,0.0225752508361204,1.0,2024-12
48141003501,1196,10,26,0.008361204013377926,0.021739130434782608,1.0,2025-03
48141003501,1196,9,26,0.007525083612040134,0.021739130434782608,1.0,2025-06
48141003501,1196,9,26,0.007525083612040134,0.021739130434782608,1.0,2025-09
48141003501,1196,8,26,0.006688963210702341,0.021739130434782608,1.0,2025-12
48141003501,1196,8,26,0.006688963210702341,0.021739130434782608,1.0,2026-03
48141003502,1730,5,55,0.002890173410404624,0.031791907514450865,1.0,2024-12
48141003502,1730,5,55,0.002890173410404624,0.031791907514450865,1.0,2025-03
48141003502,1730,3,55,0.0017341040462427746,0.031791907514450865,1.0,2025-06
48141003502,1730,3,55,0.0017341040462427746,0.031791907514450865,1.0,2025-09
48141003502,1730,3,53,0.0017341040462427746,0.030635838150289016,1.0,2025-12
48141003502,1731,3,53,0.0017331022530329288,0.030618139803581745,1.0,2026-03
48141003601,1463,53,28,0.036226930963773066,0.019138755980861243,0.9622641509433962,2024-12
48141003601,1463,47,28,0.03212576896787423,0.019138755980861243,0.9574468085106383,2025-03
48141003601,1463,44,28,0.03007518796992481,0.019138755980861243,0.9545454545454546,2025-06
48141003601,1463,43,28,0.02939166097060834,0.019138755980861243,0.9302325581395349,2025-09
48141003601,1463,39,27,0.026657552973342446,0.01845522898154477,0.8974358974358975,2025-12
48141003601,1479,53,27,0.03583502366463827,0.018255578093306288,0.8867924528301887,2026-03
48141003602,1185,93,69,0.07848101265822785,0.05822784810126582,0.946236559139785,2024-12
48141003602,1186,90,69,0.07588532883642496,0.0581787521079258,0.9888888888888889,2025-03
48141003602,1187,90,70,0.07582139848357203,0.05897219882055602,0.9888888888888889,2025-06
48141003602,1187,89,54,0.07497893850042123,0.04549283909014322,1.0,2025-09
48141003602,1187,89,54,0.07497893850042123,0.04549283909014322,0.9775280898876404,2025-12
48141003602,1165,77,53,0.06609442060085836,0.045493562231759654,0.961038961038961,2026-03
48141003701,1434,12,36,0.008368200836820083,0.02510460251046025,1.0,2024-12
48141003701,1435,12,36,0.008362369337979094,0.025087108013937282,1.0,2025-03
48141003701,1435,12,36,0.008362369337979094,0.025087108013937282,1.0,2025-06
48141003701,1435,12,36,0.008362369337979094,0.025087108013937282,1.0,2025-09
48141003701,1435,12,36,0.008362369337979094,0.025087108013937282,1.0,2025-12
48141003701,1435,12,36,0.008362369337979094,0.025087108013937282,1.0,2026-03
48141003702,1710,53,26,0.030994152046783626,0.0152046783625731,1.0,2024-12
48141003702,1710,53,26,0.030994152046783626,0.0152046783625731,1.0,2025-03
48141003702,1710,52,26,0.0304093567251462,0.0152046783625731,1.0,2025-06
48141003702,1710,51,26,0.02982456140350877,0.0152046783625731,1.0,2025-09
48141003702,1710,34,26,0.019883040935672516,0.0152046783625731,1.0,2025-12
48141003702,1710,34,26,0.019883040935672516,0.0152046783625731,1.0,2026-03
48141003801,1969,1,8,0.0005078720162519045,0.004062976130015236,1.0,2024-12
48141003801,1969,1,8,0.0005078720162519045,0.004062976130015236,1.0,2025-03
48141003801,1969,1,8,0.0005078720162519045,0.004062976130015236,1.0,2025-06
48141003801,1969,1,8,0.0005078720162519045,0.004062976130015236,1.0,2025-09
48141003801,1969,1,8,0.0005078720162519045,0.004062976130015236,1.0,2025-12
48141003801,1970,2,8,0.0010152284263959391,0.0040609137055837565,0.5,2026-03
48141003803,1198,7,7,0.005843071786310518,0.005843071786310518,0.8571428571428571,2024-12
48141003803,1198,7,7,0.005843071786310518,0.005843071786310518,0.8571428571428571,2025-03
48141003803,1198,7,7,0.005843071786310518,0.005843071786310518,1.0,2025-06
48141003803,1198,7,7,0.005843071786310518,0.005843071786310518,1.0,2025-09
48141003803,1198,6,7,0.005008347245409015,0.005843071786310518,1.0,2025-12
48141003803,1197,5,7,0.004177109440267335,0.005847953216374269,1.0,2026-03
48141003804,1433,22,17,0.015352407536636426,0.011863224005582694,0.9545454545454546,2024-12
48141003804,1434,22,17,0.015341701534170154,0.011854951185495118,0.9545454545454546,2025-03
48141003804,1437,23,20,0.016005567153792623,0.013917884481558803,0.9565217391304348,2025-06
48141003804,1438,23,20,0.015994436717663423,0.013908205841446454,0.9565217391304348,2025-09
48141003804,1438,15,20,0.01043115438108484,0.013908205841446454,0.9333333333333333,2025-12
48141003804,1438,14,20,0.009735744089012517,0.013908205841446454,0.9285714285714286,2026-03
48141003901,1298,31,25,0.023882896764252697,0.01926040061633282,1.0,2024-12
48141003901,1298,44,25,0.03389830508474576,0.01926040061633282,0.7045454545454546,2025-03
48141003901,1300,43,27,0.03307692307692308,0.02076923076923077,0.7209302325581395,2025-06
48141003901,1301,43,27,0.033051498847040735,0.0207532667179093,0.7209302325581395,2025-09
48141003901,1301,43,27,0.033051498847040735,0.0207532667179093,0.9767441860465116,2025-12
48141003901,1301,43,27,0.033051498847040735,0.0207532667179093,0.9767441860465116,2026-03
48141003902,946,63,32,0.06659619450317125,0.03382663847780127,0.9682539682539683,2024-12
48141003902,946,63,32,0.06659619450317125,0.03382663847780127,0.9841269841269841,2025-03
48141003902,947,63,32,0.0665258711721225,0.0337909186906019,1.0,2025-06
48141003902,948,62,32,0.06540084388185655,0.03375527426160337,1.0,2025-09
48141003902,948,62,31,0.06540084388185655,0.03270042194092827,0.8709677419354839,2025-12
48141003902,948,59,30,0.06223628691983123,0.03164556962025317,0.864406779661017,2026-03
48141003904,1087,5,14,0.004599816007359705,0.012879484820607176,0.6,2024-12
48141003904,1087,6,14,0.005519779208831647,0.012879484820607176,0.5,2025-03
48141003904,1087,7,14,0.006439742410303588,0.012879484820607176,0.42857142857142855,2025-06
48141003904,1087,7,14,0.006439742410303588,0.012879484820607176,0.42857142857142855,2025-09
48141003904,1087,4,14,0.0036798528058877645,0.012879484820607176,0.75,2025-12
48141003904,1087,4,14,0.0036798528058877645,0.012879484820607176,0.75,2026-03
48141003905,1133,30,12,0.0264783759929391,0.01059135039717564,0.9666666666666667,2024-12
48141003905,1133,30,12,0.0264783759929391,0.01059135039717564,1.0,2025-03
48141003905,1133,31,12,0.02736098852603707,0.01059135039717564,0.967741935483871,2025-06
48141003905,1133,31,12,0.02736098852603707,0.01059135039717564,0.967741935483871,2025-09
48141003905,1133,31,12,0.02736098852603707,0.01059135039717564,0.967741935483871,2025-12
48141003905,1133,29,12,0.02559576345984113,0.01059135039717564,0.9655172413793104,2026-03
48141004004,1984,19,2,0.009576612903225807,0.0010080645161290322,0.8947368421052632,2024-12
48141004004,1984,19,2,0.009576612903225807,0.0010080645161290322,0.8947368421052632,2025-03
48141004004,1984,22,2,0.011088709677419355,0.0010080645161290322,0.7727272727272727,2025-06
48141004004,1984,21,2,0.010584677419354838,0.0010080645161290322,0.7619047619047619,2025-09
48141004004,1984,21,1,0.010584677419354838,0.0005040322580645161,0.5714285714285714,2025-12
48141004004,1984,18,1,0.009072580645161291,0.0005040322580645161,0.5,2026-03
48141004005,1974,47,54,0.023809523809523808,0.02735562310030395,1.0,2024-12
48141004005,2033,47,94,0.023118544023610427,0.046237088047220855,1.0,2025-03
48141004005,2036,47,56,0.023084479371316306,0.0275049115913556,1.0,2025-06
48141004005,2037,47,53,0.023073146784486992,0.026018654884634267,1.0,2025-09
48141004005,2037,38,50,0.018654884634266077,0.024545900834560628,0.9210526315789473,2025-12
48141004005,2040,7,54,0.003431372549019608,0.026470588235294117,0.5714285714285714,2026-03
48141004006,1019,0,35,0.0,0.03434739941118744,,2024-12
48141004006,1022,0,37,0.0,0.036203522504892366,,2025-03
48141004006,1021,0,35,0.0,0.034280117531831536,,2025-06
48141004006,1022,0,31,0.0,0.030332681017612523,,2025-09
48141004006,1022,0,28,0.0,0.0273972602739726,,2025-12
48141004006,1021,0,29,0.0,0.02840352595494613,,2026-03
48141004007,1163,7,0,0.0060189165950128975,0.0,0.7142857142857143,2024-12
48141004007,1163,8,0,0.006878761822871883,0.0,0.75,2025-03
48141004007,1163,9,0,0.007738607050730868,0.0,0.6666666666666666,2025-06
48141004007,1163,9,0,0.007738607050730868,0.0,0.7777777777777778,2025-09
48141004007,1163,7,0,0.0060189165950128975,0.0,0.8571428571428571,2025-12
48141004007,1163,7,0,0.0060189165950128975,0.0,0.8571428571428571,2026-03
48141004008,3130,23,1516,0.007348242811501597,0.48434504792332267,0.9130434782608695,2024-12
48141004008,3125,24,1511,0.00768,0.48352,0.9166666666666666,2025-03
48141004008,3129,28,1515,0.008948545861297539,0.4841802492809204,0.7857142857142857,2025-06
48141004008,3130,26,1516,0.008306709265175719,0.48434504792332267,0.8076923076923077,2025-09
48141004008,3132,26,1518,0.008301404853128991,0.4846743295019157,0.8076923076923077,2025-12
48141004008,3133,24,1519,0.007660389403127992,0.4848388126396425,0.8333333333333334,2026-03
48141004103,2648,27,97,0.010196374622356496,0.03663141993957704,0.9629629629629629,2024-12
48141004103,2648,29,97,0.01095166163141994,0.03663141993957704,0.896551724137931,2025-03
48141004103,2653,31,102,0.011684885035808518,0.038447041085563516,0.8709677419354839,2025-06
48141004103,2653,31,102,0.011684885035808518,0.038447041085563516,0.8387096774193549,2025-09
48141004103,2653,28,35,0.010554089709762533,0.013192612137203167,0.7142857142857143,2025-12
48141004103,2653,28,35,0.010554089709762533,0.013192612137203167,0.7142857142857143,2026-03
48141004104,2382,22,26,0.009235936188077247,0.0109151973131822,0.9545454545454546,2024-12
48141004104,2382,23,26,0.009655751469353484,0.0109151973131822,0.9130434782608695,2025-03
48141004104,2385,23,28,0.009643605870020965,0.011740041928721174,0.9130434782608695,2025-06
48141004104,2385,23,28,0.009643605870020965,0.011740041928721174,0.9130434782608695,2025-09
48141004104,2385,19,26,0.007966457023060796,0.01090146750524109,1.0,2025-12
48141004104,2411,19,48,0.007880547490667772,0.019908751555371217,1.0,2026-03
48141004105,1427,9,12,0.006306937631394534,0.008409250175192713,1.0,2024-12
48141004105,1427,9,12,0.006306937631394534,0.008409250175192713,1.0,2025-03
48141004105,1428,9,13,0.0063025210084033615,0.009103641456582634,1.0,2025-06
48141004105,1428,9,13,0.0063025210084033615,0.009103641456582634,1.0,2025-09
48141004105,1428,9,13,0.0063025210084033615,0.009103641456582634,1.0,2025-12
48141004105,1428,9,13,0.0063025210084033615,0.009103641456582634,1.0,2026-03
48141004106,1832,25,54,0.013646288209606987,0.02947598253275109,1.0,2024-12
48141004106,1832,25,54,0.013646288209606987,0.02947598253275109,1.0,2025-03
48141004106,1836,24,58,0.013071895424836602,0.03159041394335512,1.0,2025-06
48141004106,1837,25,58,0.013609145345672292,0.031573217201959713,0.96,2025-09
48141004106,1837,18,58,0.00979858464888405,0.031573217201959713,1.0,2025-12
48141004106,1838,18,58,0.009793253536452665,0.031556039173014146,1.0,2026-03
48141004107,485,2,1,0.004123711340206186,0.002061855670103093,1.0,2024-12
48141004107,485,2,1,0.004123711340206186,0.002061855670103093,1.0,2025-03
48141004107,485,2,1,0.004123711340206186,0.002061855670103093,1.0,2025-06
48141004107,485,2,1,0.004123711340206186,0.002061855670103093,1.0,2025-09
48141004107,485,1,1,0.002061855670103093,0.002061855670103093,1.0,2025-12
48141004107,485,1,1,0.002061855670103093,0.002061855670103093,1.0,2026-03
48141004201,1923,0,7,0.0,0.003640145605824233,,2024-12
48141004201,1923,0,7,0.0,0.003640145605824233,,2025-03
48141004201,1923,0,6,0.0,0.0031201248049922,,2025-06
48141004201,1923,0,6,0.0,0.0031201248049922,,2025-09
48141004201,1923,0,5,0.0,0.0026001040041601664,,2025-12
48141004201,1923,0,5,0.0,0.0026001040041601664,,2026-03
48141004202,2901,2,791,0.0006894174422612892,0.2726645984143399,0.5,2024-12
48141004202,2899,2,789,0.0006898930665746809,0.2721628147637116,0.5,2025-03
48141004202,2902,2,792,0.0006891798759476223,0.27291523087525843,0.5,2025-06
48141004202,2904,2,794,0.0006887052341597796,0.2734159779614325,1.0,2025-09
48141004202,2914,2,804,0.0006863417982155113,0.27590940288263555,0.5,2025-12
48141004202,2909,16,799,0.005500171880371262,0.27466483327603985,0.0625,2026-03
48141004303,2111,24,3,0.011369019422074847,0.0014211274277593558,0.8333333333333334,2024-12
48141004303,2111,23,3,0.010895310279488394,0.0014211274277593558,0.9130434782608695,2025-03
48141004303,2111,23,3,0.010895310279488394,0.0014211274277593558,0.9565217391304348,2025-06
48141004303,2111,25,3,0.011842728564661297,0.0014211274277593558,0.92,2025-09
48141004303,2111,21,3,0.00994789199431549,0.0014211274277593558,0.8571428571428571,2025-12
48141004303,2111,21,3,0.00994789199431549,0.0014211274277593558,0.8571428571428571,2026-03
48141004307,2169,13,6,0.00599354541263255,0.0027662517289073307,0.8461538461538461,2024-12
48141004307,2169,13,6,0.00599354541263255,0.0027662517289073307,1.0,2025-03
48141004307,2169,13,6,0.00599354541263255,0.0027662517289073307,1.0,2025-06
48141004307,2170,13,6,0.005990783410138249,0.0027649769585253456,1.0,2025-09
48141004307,2170,7,6,0.0032258064516129032,0.0027649769585253456,1.0,2025-12
48141004307,2170,8,6,0.003686635944700461,0.0027649769585253456,0.875,2026-03
48141004309,2251,17,9,0.007552199022656597,0.003998223011994669,0.9411764705882353,2024-12
48141004309,2250,17,8,0.007555555555555556,0.0035555555555555557,0.9411764705882353,2025-03
48141004309,2250,17,8,0.007555555555555556,0.0035555555555555557,0.9411764705882353,2025-06
48141004309,2250,17,8,0.007555555555555556,0.0035555555555555557,0.9411764705882353,2025-09
48141004309,2250,10,8,0.0044444444444444444,0.0035555555555555557,0.9,2025-12
48141004309,2250,11,8,0.004888888888888889,0.0035555555555555557,0.8181818181818182,2026-03
48141004310,1906,22,6,0.011542497376705142,0.0031479538300104933,0.9545454545454546,2024-12
48141004310,1906,22,6,0.011542497376705142,0.0031479538300104933,1.0,2025-03
48141004310,1906,22,6,0.011542497376705142,0.0031479538300104933,1.0,2025-06
48141004310,1906,25,6,0.013116474291710388,0.0031479538300104933,0.88,2025-09
48141004310,1906,16,6,0.008394543546694649,0.0031479538300104933,0.9375,2025-12
48141004310,1906,15,6,0.007869884575026232,0.0031479538300104933,0.9333333333333333,2026-03
48141004311,1812,27,4,0.014900662251655629,0.002207505518763797,0.9629629629629629,2024-12
48141004311,1812,27,4,0.014900662251655629,0.002207505518763797,0.9629629629629629,2025-03
48141004311,1812,28,4,0.01545253863134658,0.002207505518763797,0.9285714285714286,2025-06
48141004311,1812,27,4,0.014900662251655629,0.002207505518763797,0.9259259259259259,2025-09
48141004311,1812,24,4,0.013245033112582781,0.002207505518763797,0.9583333333333334,2025-12
48141004311,1812,18,5,0.009933774834437087,0.0027593818984547464,1.0,2026-03
48141004312,2265,30,93,0.013245033112582781,0.04105960264900662,0.6666666666666666,2024-12
48141004312,2265,28,93,0.012362030905077263,0.04105960264900662,0.8214285714285714,2025-03
48141004312,2265,27,93,0.011920529801324504,0.04105960264900662,0.9259259259259259,2025-06
48141004312,2265,26,93,0.011479028697571744,0.04105960264900662,0.9230769230769231,2025-09
48141004312,2265,19,93,0.008388520971302429,0.04105960264900662,0.8947368421052632,2025-12
48141004312,2265,23,93,0.010154525386313467,0.04105960264900662,0.6956521739130435,2026-03
48141004313,1481,18,11,0.012153950033760972,0.007427413909520594,1.0,2024-12
48141004313,1480,18,10,0.012162162162162163,0.006756756756756757,1.0,2025-03
48141004313,1480,19,10,0.012837837837837839,0.006756756756756757,0.9473684210526315,2025-06
48141004313,1487,19,10,0.012777404169468728,0.006724949562878279,0.8947368421052632,2025-09
48141004313,1487,25,10,0.016812373907195696,0.006724949562878279,0.64,2025-12
48141004313,1487,25,10,0.016812373907195696,0.006724949562878279,0.64,2026-03
48141004314,1772,12,3,0.006772009029345372,0.001693002257336343,0.9166666666666666,2024-12
48141004314,1772,12,3,0.006772009029345372,0.001693002257336343,1.0,2025-03
48141004314,1772,11,3,0.006207674943566591,0.001693002257336343,1.0,2025-06
48141004314,1772,11,3,0.006207674943566591,0.001693002257336343,1.0,2025-09
48141004314,1772,10,3,0.0056433408577878106,0.001693002257336343,0.9,2025-12
48141004314,1772,10,3,0.0056433408577878106,0.001693002257336343,0.9,2026-03
48141004316,2037,13,2,0.006381934216985763,0.0009818360333824251,0.9230769230769231,2024-12
48141004316,2037,15,2,0.007363770250368188,0.0009818360333824251,0.7333333333333333,2025-03
48141004316,2037,15,2,0.007363770250368188,0.0009818360333824251,0.7333333333333333,2025-06
48141004316,2037,15,1,0.007363770250368188,0.0004909180166912126,0.7333333333333333,2025-09
48141004316,2037,9,2,0.004418262150220913,0.0009818360333824251,0.6666666666666666,2025-12
48141004316,2037,9,2,0.004418262150220913,0.0009818360333824251,1.0,2026-03
48141004317,2162,21,50,0.00971322849213691,0.02312673450508788,0.8571428571428571,2024-12
48141004317,2162,20,50,0.009250693802035153,0.02312673450508788,0.85,2025-03
48141004317,2162,20,50,0.009250693802035153,0.02312673450508788,0.95,2025-06
48141004317,2162,20,50,0.009250693802035153,0.02312673450508788,1.0,2025-09
48141004317,2162,19,50,0.008788159111933395,0.02312673450508788,1.0,2025-12
48141004317,2162,19,50,0.008788159111933395,0.02312673450508788,1.0,2026-03
48141004318,1408,37,6,0.026278409090909092,0.004261363636363636,0.9459459459459459,2024-12
48141004318,1408,36,6,0.02556818181818182,0.004261363636363636,0.9722222222222222,2025-03
48141004318,1408,36,6,0.02556818181818182,0.004261363636363636,0.9722222222222222,2025-06
48141004318,1408,36,6,0.02556818181818182,0.004261363636363636,1.0,2025-09
48141004318,1408,32,6,0.022727272727272728,0.004261363636363636,1.0,2025-12
48141004318,1408,32,6,0.022727272727272728,0.004261363636363636,1.0,2026-03
48141004319,1753,13,4,0.007415858528237307,0.0022818026240730175,1.0,2024-12
48141004319,1753,13,4,0.007415858528237307,0.0022818026240730175,1.0,2025-03
48141004319,1753,13,4,0.007415858528237307,0.0022818026240730175,1.0,2025-06
48141004319,1753,14,4,0.007986309184255563,0.0022818026240730175,0.9285714285714286,2025-09
48141004319,1753,15,4,0.008556759840273816,0.0022818026240730175,0.7333333333333333,2025-12
48141004319,1753,14,4,0.007986309184255563,0.0022818026240730175,0.7857142857142857,2026-03
48141004320,995,5,17,0.005025125628140704,0.017085427135678392,1.0,2024-12
48141004320,995,5,16,0.005025125628140704,0.016080402010050253,1.0,2025-03
48141004320,995,5,16,0.005025125628140704,0.016080402010050253,1.0,2025-06
48141004320,995,5,16,0.005025125628140704,0.016080402010050253,1.0,2025-09
48141004320,995,5,16,0.005025125628140704,0.016080402010050253,0.6,2025-12
48141004320,995,5,16,0.005025125628140704,0.016080402010050253,0.6,2026-03
48141010101,1464,2,141,0.001366120218579235,0.09631147540983606,1.0,2024-12
48141010101,1472,2,149,0.001358695652173913,0.10122282608695653,1.0,2025-03
48141010101,1472,2,145,0.001358695652173913,0.09850543478260869,1.0,2025-06
48141010101,1471,2,144,0.0013596193065941536,0.09789259007477906,1.0,2025-09
48141010101,1471,2,143,0.0013596193065941536,0.09721278042148199,1.0,2025-12
48141010101,1472,2,143,0.001358695652173913,0.09714673913043478,1.0,2026-03
48141010102,897,13,514,0.014492753623188406,0.5730211817168339,1.0,2024-12
48141010102,898,13,514,0.014476614699331848,0.5723830734966593,1.0,2025-03
48141010102,898,13,514,0.014476614699331848,0.5723830734966593,1.0,2025-06
48141010102,898,13,514,0.014476614699331848,0.5723830734966593,1.0,2025-09
48141010102,899,13,514,0.014460511679644048,0.5717463848720801,1.0,2025-12
48141010102,899,13,514,0.014460511679644048,0.5717463848720801,1.0,2026-03
48141010103,1839,217,52,0.1179989124524198,0.028276237085372486,0.9953917050691244,2024-12
48141010103,1839,217,52,0.1179989124524198,0.028276237085372486,1.0,2025-03
48141010103,1839,216,52,0.11745513866231648,0.028276237085372486,1.0,2025-06
48141010103,1839,217,52,0.1179989124524198,0.028276237085372486,0.9953917050691244,2025-09
48141010103,1836,216,49,0.11764705882352941,0.026688453159041396,0.9953703703703703,2025-12
48141010103,1815,213,28,0.11735537190082644,0.015426997245179064,0.9953051643192489,2026-03
48141010203,1112,0,197,0.0,0.17715827338129497,,2024-12
48141010203,1112,0,192,0.0,0.17266187050359713,,2025-03
48141010203,1111,0,193,0.0,0.17371737173717372,,2025-06
48141010203,1119,0,198,0.0,0.1769436997319035,,2025-09
48141010203,1116,0,195,0.0,0.17473118279569894,,2025-12
48141010203,1111,0,197,0.0,0.1773177317731773,,2026-03
48141010210,2617,16,6,0.00611387084447841,0.0022927015666794038,0.9375,2024-12
48141010210,2748,16,43,0.005822416302765648,0.01564774381368268,0.875,2025-03
48141010210,2748,14,40,0.005094614264919942,0.01455604075691412,0.9285714285714286,2025-06
48141010210,2748,14,35,0.005094614264919942,0.012736535662299854,0.9285714285714286,2025-09
48141010210,2748,11,30,0.004002911208151383,0.010917030567685589,0.9090909090909091,2025-12
48141010210,2748,10,8,0.00363901018922853,0.002911208151382824,1.0,2026-03
48141010211,1092,5,1,0.004578754578754579,0.0009157509157509158,1.0,2024-12
48141010211,1092,5,1,0.004578754578754579,0.0009157509157509158,1.0,2025-03
48141010211,1092,5,1,0.004578754578754579,0.0009157509157509158,1.0,2025-06
48141010211,1092,5,1,0.004578754578754579,0.0009157509157509158,1.0,2025-09
48141010211,1092,4,1,0.003663003663003663,0.0009157509157509158,1.0,2025-12
48141010211,1116,3,19,0.002688172043010753,0.017025089605734768,1.0,2026-03
48141010212,2834,16,18,0.0056457304163726185,0.006351446718419196,1.0,2024-12
48141010212,2843,18,28,0.006331340133661625,0.009848751319029195,0.8333333333333334,2025-03
48141010212,2843,17,27,0.005979599015124868,0.009497010200492437,0.8235294117647058,2025-06
48141010212,2843,16,27,0.005627857896588111,0.009497010200492437,0.8125,2025-09
48141010212,2843,15,26,0.005276116778051354,0.009145269081955681,0.7333333333333333,2025-12
48141010212,2914,14,76,0.004804392587508579,0.02608098833218943,0.9285714285714286,2026-03
48141010213,2988,16,37,0.00535475234270415,0.012382864792503346,0.9375,2024-12
48141010213,3008,18,35,0.005984042553191489,0.01163563829787234,0.8333333333333334,2025-03
48141010213,3008,17,33,0.005651595744680851,0.010970744680851064,0.8235294117647058,2025-06
48141010213,3008,17,31,0.005651595744680851,0.010305851063829786,0.8235294117647058,2025-09
48141010213,3008,10,31,0.003324468085106383,0.010305851063829786,1.0,2025-12
48141010213,3008,2,32,0.0006648936170212766,0.010638297872340425,1.0,2026-03
48141010214,2371,25,32,0.010544074230282582,0.013496415014761703,0.92,2024-12
48141010214,2358,26,31,0.01102629346904156,0.013146734520780322,0.8846153846153846,2025-03
48141010214,2358,24,31,0.010178117048346057,0.013146734520780322,0.875,2025-06
48141010214,2358,23,31,0.009754028837998304,0.013146734520780322,0.9130434782608695,2025-09
48141010214,2358,13,29,0.00551314673452078,0.012298558100084818,1.0,2025-12
48141010214,2358,9,29,0.003816793893129771,0.012298558100084818,1.0,2026-03
48141010217,1670,14,11,0.008383233532934131,0.006586826347305389,1.0,2024-12
48141010217,1669,13,10,0.007789095266626723,0.005991611743559017,1.0,2025-03
48141010217,1669,13,10,0.007789095266626723,0.005991611743559017,1.0,2025-06
48141010217,1669,13,10,0.007789095266626723,0.005991611743559017,1.0,2025-09
48141010217,1669,8,10,0.004793289394847214,0.005991611743559017,1.0,2025-12
48141010217,1669,5,10,0.0029958058717795086,0.005991611743559017,1.0,2026-03
48141010218,1843,21,73,0.011394465545306565,0.0396093326098752,0.9047619047619048,2024-12
48141010218,1912,21,72,0.010983263598326359,0.03765690376569038,0.8571428571428571,2025-03
48141010218,1912,21,71,0.010983263598326359,0.03713389121338912,0.9523809523809523,2025-06
48141010218,1912,21,69,0.010983263598326359,0.03608786610878661,0.9523809523809523,2025-09
48141010218,1912,21,52,0.010983263598326359,0.027196652719665274,0.9523809523809523,2025-12
48141010218,1912,21,40,0.010983263598326359,0.02092050209205021,1.0,2026-03
48141010220,3203,0,234,0.0,0.07305650952232282,,2024-12
48141010220,3205,0,214,0.0,0.06677067082683308,,2025-03
48141010220,3205,0,198,0.0,0.061778471138845555,,2025-06
48141010220,3206,0,191,0.0,0.05957579538365564,,2025-09
48141010220,3206,0,160,0.0,0.049906425452276984,,2025-12
48141010220,3207,0,117,0.0,0.03648269410664172,,2026-03
48141010222,739,0,74,0.0,0.10013531799729364,,2024-12
48141010222,744,0,75,0.0,0.10080645161290322,,2025-03
48141010222,744,0,74,0.0,0.09946236559139784,,2025-06
48141010222,746,0,74,0.0,0.09919571045576407,,2025-09
48141010222,744,0,73,0.0,0.09811827956989247,,2025-12
48141010222,747,0,68,0.0,0.09103078982597054,,2026-03
48141010223,2053,36,49,0.01753531417437896,0.023867510959571358,0.8333333333333334,2024-12
48141010223,2177,35,77,0.01607717041800643,0.03536977491961415,0.8285714285714286,2025-03
48141010223,2177,36,67,0.016536518144235186,0.030776297657326597,0.8333333333333334,2025-06
48141010223,2177,39,60,0.017914561322921452,0.02756086357372531,0.7948717948717948,2025-09
48141010223,2177,39,40,0.017914561322921452,0.018373909049150206,0.7948717948717948,2025-12
48141010223,2177,36,27,0.016536518144235186,0.01240238860817639,0.8611111111111112,2026-03
48141010224,1991,28,13,0.014063284781516826,0.0065293822199899544,0.9642857142857143,2024-12
48141010224,2886,30,27,0.010395010395010396,0.009355509355509356,0.9,2025-03
48141010224,2887,29,22,0.010045029442327675,0.007620367163145133,0.9310344827586207,2025-06
48141010224,3058,32,146,0.010464355788096796,0.04774362328319163,0.84375,2025-09
48141010224,3060,31,140,0.010130718954248366,0.0457516339869281,0.8709677419354839,2025-12
48141010224,3061,29,16,0.009474028095393662,0.005227049983665469,0.9310344827586207,2026-03
48141010225,1911,9,6,0.004709576138147566,0.0031397174254317113,0.6666666666666666,2024-12
48141010225,1911,10,6,0.0052328623757195184,0.0031397174254317113,0.7,2025-03
48141010225,1911,9,5,0.004709576138147566,0.0026164311878597592,0.8888888888888888,2025-06
48141010225,1911,9,5,0.004709576138147566,0.0026164311878597592,1.0,2025-09
48141010225,1912,8,5,0.0041841004184100415,0.002615062761506276,0.875,2025-12
48141010225,1912,7,6,0.0036610878661087866,0.0031380753138075313,0.8571428571428571,2026-03
48141010226,1978,3,132,0.0015166835187057635,0.06673407482305359,0.6666666666666666,2024-12
48141010226,1976,3,109,0.0015182186234817814,0.05516194331983806,0.6666666666666666,2025-03
48141010226,1975,3,102,0.0015189873417721519,0.051645569620253164,1.0,2025-06
48141010226,2001,3,122,0.0014992503748125937,0.06096951524237881,1.0,2025-09
48141010226,2001,2,114,0.0009995002498750624,0.05697151424287856,1.0,2025-12
48141010226,2017,1,100,0.0004957858205255329,0.0495785820525533,1.0,2026-03
48141010227,1436,16,33,0.011142061281337047,0.02298050139275766,0.5625,2024-12
48141010227,1400,16,14,0.011428571428571429,0.01,0.9375,2025-03
48141010227,1400,16,14,0.011428571428571429,0.01,0.9375,2025-06
48141010227,1400,16,14,0.011428571428571429,0.01,0.9375,2025-09
48141010227,1400,14,14,0.01,0.01,1.0,2025-12
48141010227,1400,13,14,0.009285714285714286,0.01,1.0,2026-03
48141010228,2145,19,92,0.008857808857808859,0.042890442890442894,0.42105263157894735,2024-12
48141010228,2195,21,94,0.009567198177676537,0.0428246013667426,0.7142857142857143,2025-03
48141010228,2196,20,94,0.009107468123861567,0.042805100182149364,0.8,2025-06
48141010228,2196,20,95,0.009107468123861567,0.04326047358834244,0.9,2025-09
48141010228,2196,19,97,0.008652094717668488,0.0441712204007286,0.9473684210526315,2025-12
48141010228,2197,18,93,0.008192990441511151,0.04233045061447428,1.0,2026-03
48141010229,2455,44,53,0.017922606924643585,0.021588594704684317,0.9090909090909091,2024-12
48141010229,2496,45,46,0.018028846153846152,0.01842948717948718,0.9111111111111111,2025-03
48141010229,2500,45,45,0.018,0.018,0.9777777777777777,2025-06
48141010229,2522,45,45,0.017842981760507533,0.017842981760507533,0.9777777777777777,2025-09
48141010229,2525,40,39,0.015841584158415842,0.015445544554455445,0.975,2025-12
48141010229,2532,34,37,0.013428120063191154,0.014612954186413903,1.0,2026-03
48141010230,1088,12,194,0.011029411764705883,0.17830882352941177,1.0,2024-12
48141010230,1339,13,462,0.009708737864077669,0.3450336071695295,0.9230769230769231,2025-03
48141010230,1339,2,288,0.0014936519790888724,0.2150858849887976,0.5,2025-06
48141010230,1339,2,288,0.0014936519790888724,0.2150858849887976,0.5,2025-09
48141010230,1339,1,288,0.0007468259895444362,0.2150858849887976,1.0,2025-12
48141010230,1310,1,288,0.0007633587786259542,0.2198473282442748,1.0,2026-03
48141010231,1293,0,279,0.0,0.21577726218097448,,2024-12
48141010231,1378,0,334,0.0,0.24238026124818576,,2025-03
48141010231,1371,0,289,0.0,0.21079504011670314,,2025-06
48141010231,1547,0,386,0.0,0.24951519069166128,,2025-09
48141010231,1546,0,324,0.0,0.2095730918499353,,2025-12
48141010231,1553,0,277,0.0,0.1783644558918223,,2026-03
48141010232,2715,0,1628,0.0,0.5996316758747698,,2024-12
48141010232,2721,0,1636,0.0,0.6012495406100699,,2025-03
48141010232,2665,0,1639,0.0,0.6150093808630394,,2025-06
48141010232,2733,0,1631,0.0,0.5967800951335529,,2025-09
48141010232,2751,0,1649,0.0,0.5994183933115231,,2025-12
48141010232,2735,0,1624,0.0,0.5937842778793418,,2026-03
48141010303,2781,12,1350,0.004314994606256742,0.4854368932038835,0.9166666666666666,2024-12
48141010303,2785,11,1352,0.0039497307001795335,0.4854578096947935,1.0,2025-03
48141010303,2788,10,1355,0.003586800573888092,0.48601147776183645,1.0,2025-06
48141010303,2792,10,1359,0.0035816618911174787,0.48674785100286533,1.0,2025-09
48141010303,2794,10,1361,0.0035790980672870437,0.48711524695776665,1.0,2025-12
48141010303,2791,10,1358,0.0035829451809387316,0.48656395557147974,1.0,2026-03
48141010307,2307,29,5,0.012570437798006068,0.002167316861725184,0.8620689655172413,2024-12
48141010307,2307,33,5,0.014304291287386216,0.002167316861725184,0.7575757575757576,2025-03
48141010307,2308,31,6,0.013431542461005199,0.0025996533795493936,0.8387096774193549,2025-06
48141010307,2308,31,6,0.013431542461005199,0.0025996533795493936,0.8064516129032258,2025-09
48141010307,2309,22,6,0.009527934170636639,0.00259852750108272,0.7727272727272727,2025-12
48141010307,2309,21,6,0.009094846253789519,0.00259852750108272,0.7619047619047619,2026-03
48141010311,2134,9,19,0.004217432052483599,0.008903467666354265,0.8888888888888888,2024-12
48141010311,2132,9,17,0.004221388367729831,0.00797373358348968,0.8888888888888888,2025-03
48141010311,2132,9,16,0.004221388367729831,0.0075046904315197,0.8888888888888888,2025-06
48141010311,2132,8,15,0.00375234521575985,0.007035647279549718,1.0,2025-09
48141010311,2132,9,14,0.004221388367729831,0.006566604127579738,0.7777777777777778,2025-12
48141010311,2132,9,13,0.004221388367729831,0.006097560975609756,0.7777777777777778,2026-03
48141010312,1423,10,0,0.007027406886858749,0.0,1.0,2024-12
48141010312,1423,10,0,0.007027406886858749,0.0,1.0,2025-03
48141010312,1423,10,0,0.007027406886858749,0.0,1.0,2025-06
48141010312,1423,10,0,0.007027406886858749,0.0,1.0,2025-09
48141010312,1423,6,0,0.004216444132115249,0.0,0.8333333333333334,2025-12
48141010312,1423,6,0,0.004216444132115249,0.0,0.8333333333333334,2026-03
48141010316,1454,7,0,0.004814305364511692,0.0,1.0,2024-12
48141010316,1476,7,22,0.0047425474254742545,0.014905149051490514,1.0,2025-03
48141010316,1476,7,0,0.0047425474254742545,0.0,1.0,2025-06
48141010316,1476,7,0,0.0047425474254742545,0.0,0.8571428571428571,2025-09
48141010316,1476,6,0,0.0040650406504065045,0.0,0.6666666666666666,2025-12
48141010316,1454,7,0,0.004814305364511692,0.0,0.5714285714285714,2026-03
48141010317,1437,4,2,0.0027835768963117608,0.0013917884481558804,1.0,2024-12
48141010317,1437,4,2,0.0027835768963117608,0.0013917884481558804,1.0,2025-03
48141010317,1437,4,2,0.0027835768963117608,0.0013917884481558804,0.5,2025-06
48141010317,1437,4,2,0.0027835768963117608,0.0013917884481558804,0.5,2025-09
48141010317,1437,1,2,0.0006958942240779402,0.0013917884481558804,1.0,2025-12
48141010317,1437,1,2,0.0006958942240779402,0.0013917884481558804,1.0,2026-03
48141010322,1949,36,17,0.018471010774756286,0.008722421754746024,1.0,2024-12
48141010322,1949,35,17,0.017957927142124165,0.008722421754746024,1.0,2025-03
48141010322,1949,35,17,0.017957927142124165,0.008722421754746024,1.0,2025-06
48141010322,1949,36,15,0.018471010774756286,0.007696254489481785,0.9722222222222222,2025-09
48141010322,1949,35,15,0.017957927142124165,0.007696254489481785,0.9714285714285714,2025-12
48141010322,1949,35,15,0.017957927142124165,0.007696254489481785,0.9714285714285714,2026-03
48141010323,1590,12,88,0.007547169811320755,0.055345911949685536,1.0,2024-12
48141010323,1590,12,88,0.007547169811320755,0.055345911949685536,1.0,2025-03
48141010323,1593,12,88,0.007532956685499058,0.05524168236032643,1.0,2025-06
48141010323,1593,12,86,0.007532956685499058,0.05398618957940992,1.0,2025-09
48141010323,1594,9,84,0.0056461731493099125,0.05269761606022585,0.8888888888888888,2025-12
48141010323,1532,7,22,0.0045691906005221935,0.014360313315926894,0.8571428571428571,2026-03
48141010326,4315,15,2489,0.0034762456546929316,0.5768250289687138,1.0,2024-12
48141010326,4325,15,2499,0.003468208092485549,0.5778034682080925,0.9333333333333333,2025-03
48141010326,4329,15,2503,0.003465003465003465,0.5781935781935782,0.9333333333333333,2025-06
48141010326,4318,11,2492,0.0025474756831866605,0.5771190365910144,1.0,2025-09
48141010326,4325,9,2496,0.0020809248554913293,0.5771098265895954,1.0,2025-12
48141010326,4324,9,2495,0.0020814061054579094,0.5770120259019427,0.8888888888888888,2026-03
48141010327,1281,11,5,0.00858704137392662,0.0039032006245121,1.0,2024-12
48141010327,1280,11,5,0.00859375,0.00390625,1.0,2025-03
48141010327,1280,11,5,0.00859375,0.00390625,1.0,2025-06
48141010327,1280,9,5,0.00703125,0.00390625,1.0,2025-09
48141010327,1280,2,5,0.0015625,0.00390625,1.0,2025-12
48141010327,1280,2,5,0.0015625,0.00390625,1.0,2026-03
48141010328,1618,11,1,0.006798516687268232,0.0006180469715698393,1.0,2024-12
48141010328,1618,11,1,0.006798516687268232,0.0006180469715698393,1.0,2025-03
48141010328,1618,11,1,0.006798516687268232,0.0006180469715698393,1.0,2025-06
48141010328,1618,11,1,0.006798516687268232,0.0006180469715698393,1.0,2025-09
48141010328,1618,6,1,0.003708281829419036,0.0006180469715698393,1.0,2025-12
48141010328,1618,6,1,0.003708281829419036,0.0006180469715698393,1.0,2026-03
48141010329,2161,0,81,0.0,0.037482646922720964,,2024-12
48141010329,2083,0,49,0.0,0.023523763802208355,,2025-03
48141010329,2102,0,49,0.0,0.023311132254995242,,2025-06
48141010329,2102,0,48,0.0,0.022835394862036156,,2025-09
48141010329,2102,0,48,0.0,0.022835394862036156,,2025-12
48141010329,2061,0,44,0.0,0.021348859776807377,,2026-03
48141010333,1477,0,139,0.0,0.0941096817874069,,2024-12
48141010333,1446,0,137,0.0,0.09474412171507607,,2025-03
48141010333,1446,0,138,0.0,0.0954356846473029,,2025-06
48141010333,1446,0,126,0.0,0.08713692946058091,,2025-09
48141010333,1447,0,129,0.0,0.08914996544574982,,2025-12
48141010333,1468,0,125,0.0,0.08514986376021798,,2026-03
48141010334,1785,0,265,0.0,0.1484593837535014,,2024-12
48141010334,1996,0,370,0.0,0.18537074148296592,,2025-03
48141010334,1998,0,364,0.0,0.18218218218218218,,2025-06
48141010334,2022,0,314,0.0,0.1552917903066271,,2025-09
48141010334,2022,0,307,0.0,0.15182987141444115,,2025-12
48141010334,2014,0,276,0.0,0.13704071499503476,,2026-03
48141010335,1397,0,213,0.0,0.15246957766642805,,2024-12
48141010335,1403,0,211,0.0,0.150392017106201,,2025-03
48141010335,1403,0,211,0.0,0.150392017106201,,2025-06
48141010335,1412,0,210,0.0,0.14872521246458922,,2025-09
48141010335,1412,0,210,0.0,0.14872521246458922,,2025-12
48141010335,1498,0,213,0.0,0.14218958611481977,,2026-03
48141010336,2080,0,43,0.0,0.020673076923076922,,2024-12
48141010336,2081,0,42,0.0,0.020182604517059107,,2025-03
48141010336,2081,0,39,0.0,0.01874098990869774,,2025-06
48141010336,2081,0,39,0.0,0.01874098990869774,,2025-09
48141010336,2081,0,41,0.0,0.019702066314271984,,2025-12
48141010336,2081,0,39,0.0,0.01874098990869774,,2026-03
48141010337,2363,0,70,0.0,0.029623360135421075,,2024-12
48141010337,2363,0,66,0.0,0.0279305966991113,,2025-03
48141010337,2363,0,65,0.0,0.027507405840033854,,2025-06
48141010337,2363,0,63,0.0,0.026661024121878967,,2025-09
48141010337,2363,0,61,0.0,0.02581464240372408,,2025-12
48141010337,2363,0,61,0.0,0.02581464240372408,,2026-03
48141010338,2537,0,39,0.0,0.015372487189594008,,2024-12
48141010338,2537,0,40,0.0,0.015766653527788728,,2025-03
48141010338,2537,0,34,0.0,0.013401655498620418,,2025-06
48141010338,2550,0,35,0.0,0.013725490196078431,,2025-09
48141010338,2550,0,44,0.0,0.017254901960784313,,2025-12
48141010338,2572,0,42,0.0,0.016329704510108865,,2026-03
48141010344,1379,0,371,0.0,0.26903553299492383,,2024-12
48141010344,1381,0,373,0.0,0.27009413468501087,,2025-03
48141010344,1382,0,372,0.0,0.2691751085383502,,2025-06
48141010344,1386,0,352,0.0,0.25396825396825395,,2025-09
48141010344,1386,0,330,0.0,0.23809523809523808,,2025-12
48141010344,1388,0,316,0.0,0.2276657060518732,,2026-03
48141010346,2202,0,155,0.0,0.0703905540417802,,2024-12
48141010346,2608,0,157,0.0,0.060199386503067484,,2025-03
48141010346,2608,0,153,0.0,0.05866564417177914,,2025-06
48141010346,2613,0,137,0.0,0.052430156907768845,,2025-09
48141010346,2613,0,136,0.0,0.05204745503252966,,2025-12
48141010346,2611,0,139,0.0,0.05323630792799693,,2026-03
48141010347,1731,0,331,0.0,0.19121894858463315,,2024-12
48141010347,1716,0,305,0.0,0.17773892773892774,,2025-03
48141010347,1717,0,305,0.0,0.17763541059988353,,2025-06
48141010347,1769,0,310,0.0,0.17524024872809496,,2025-09
48141010347,1769,0,299,0.0,0.16902204635387225,,2025-12
48141010347,1769,0,299,0.0,0.16902204635387225,,2026-03
48141010348,1392,5,1,0.0035919540229885057,0.0007183908045977011,0.8,2024-12
48141010348,1392,5,1,0.0035919540229885057,0.0007183908045977011,0.8,2025-03
48141010348,1392,5,1,0.0035919540229885057,0.0007183908045977011,0.8,2025-06
48141010348,1392,5,1,0.0035919540229885057,0.0007183908045977011,0.8,2025-09
48141010348,1392,5,1,0.0035919540229885057,0.0007183908045977011,0.6,2025-12
48141010348,1392,6,1,0.004310344827586207,0.0007183908045977011,0.5,2026-03
48141010349,1082,8,2,0.0073937153419593345,0.0018484288354898336,1.0,2024-12
48141010349,1083,8,3,0.007386888273314866,0.002770083102493075,1.0,2025-03
48141010349,1083,8,3,0.007386888273314866,0.002770083102493075,1.0,2025-06
48141010349,1083,8,3,0.007386888273314866,0.002770083102493075,1.0,2025-09
48141010349,1083,9,3,0.008310249307479225,0.002770083102493075,0.8888888888888888,2025-12
48141010349,1083,10,3,0.009233610341643583,0.002770083102493075,0.8,2026-03
48141010350,1361,7,7,0.005143277002204262,0.005143277002204262,1.0,2024-12
48141010350,1356,7,1,0.005162241887905605,0.0007374631268436578,1.0,2025-03
48141010350,1356,7,1,0.005162241887905605,0.0007374631268436578,1.0,2025-06
48141010350,1356,7,1,0.005162241887905605,0.0007374631268436578,1.0,2025-09
48141010350,1356,6,1,0.004424778761061947,0.0007374631268436578,1.0,2025-12
48141010350,1356,6,1,0.004424778761061947,0.0007374631268436578,1.0,2026-03
48141010351,1066,16,28,0.0150093808630394,0.02626641651031895,1.0,2024-12
48141010351,1066,16,27,0.0150093808630394,0.025328330206378986,1.0,2025-03
48141010351,1066,14,27,0.013133208255159476,0.025328330206378986,1.0,2025-06
48141010351,1066,13,27,0.012195121951219513,0.025328330206378986,1.0,2025-09
48141010351,1066,9,27,0.008442776735459663,0.025328330206378986,1.0,2025-12
48141010351,1066,9,27,0.008442776735459663,0.025328330206378986,1.0,2026-03
48141010352,1730,0,4,0.0,0.0023121387283236996,,2024-12
48141010352,1730,0,5,0.0,0.002890173410404624,,2025-03
48141010352,1676,0,5,0.0,0.0029832935560859188,,2025-06
48141010352,1711,0,6,0.0,0.0035067212156633548,,2025-09
48141010352,1713,0,5,0.0,0.002918855808523059,,2025-12
48141010352,1754,0,24,0.0,0.013683010262257697,,2026-03
48141010353,1658,0,12,0.0,0.007237635705669481,,2024-12
48141010353,1666,0,13,0.0,0.0078031212484993995,,2025-03
48141010353,1622,0,13,0.0,0.008014796547472256,,2025-06
48141010353,1674,0,17,0.0,0.01015531660692951,,2025-09
48141010353,1674,0,11,0.0,0.006571087216248507,,2025-12
48141010353,1968,0,72,0.0,0.036585365853658534,,2026-03
48141010354,2240,0,73,0.0,0.032589285714285716,,2024-12
48141010354,2240,0,76,0.0,0.033928571428571426,,2025-03
48141010354,2261,0,77,0.0,0.034055727554179564,,2025-06
48141010354,2357,0,116,0.0,0.04921510394569368,,2025-09
48141010354,2358,0,70,0.0,0.029686174724342665,,2025-12
48141010354,2320,0,73,0.0,0.03146551724137931,,2026-03
48141010355,1934,0,85,0.0,0.04395036194415719,,2024-12
48141010355,1980,0,242,0.0,0.12222222222222222,,2025-03
48141010355,1980,0,221,0.0,0.11161616161616161,,2025-06
48141010355,1976,0,156,0.0,0.07894736842105263,,2025-09
48141010355,1976,0,128,0.0,0.06477732793522267,,2025-12
48141010355,1749,0,78,0.0,0.044596912521440824,,2026-03
48141010356,1264,0,157,0.0,0.12420886075949367,,2024-12
48141010356,1265,0,155,0.0,0.1225296442687747,,2025-03
48141010356,1265,0,154,0.0,0.12173913043478261,,2025-06
48141010356,1320,0,174,0.0,0.1318181818181818,,2025-09
48141010356,1321,0,156,0.0,0.11809235427706283,,2025-12
48141010356,1323,0,116,0.0,0.08767951625094482,,2026-03
48141010357,3144,0,166,0.0,0.052798982188295165,,2024-12
48141010357,2965,0,197,0.0,0.06644182124789208,,2025-03
48141010357,2964,0,190,0.0,0.0641025641025641,,2025-06
48141010357,3098,0,276,0.0,0.08908973531310523,,2025-09
48141010357,3099,0,254,0.0,0.08196192320103259,,2025-12
48141010357,3111,0,131,0.0,0.04210864673738348,,2026-03
48141010358,3565,0,234,0.0,0.06563814866760169,,2024-12
48141010358,3966,0,228,0.0,0.057488653555219364,,2025-03
48141010358,3938,0,222,0.0,0.0563737938039614,,2025-06
48141010358,4247,0,274,0.0,0.06451612903225806,,2025-09
48141010358,4253,0,196,0.0,0.04608511638843169,,2025-12
48141010358,4279,0,179,0.0,0.04183220378593129,,2026-03
48141010359,1017,0,153,0.0,0.1504424778761062,,2024-12
48141010359,1024,0,155,0.0,0.1513671875,,2025-03
48141010359,1025,0,155,0.0,0.15121951219512195,,2025-06
48141010359,1032,0,148,0.0,0.1434108527131783,,2025-09
48141010359,1035,0,144,0.0,0.1391304347826087,,2025-12
48141010359,1032,0,134,0.0,0.1298449612403101,,2026-03
48141010360,1340,0,25,0.0,0.018656716417910446,,2024-12
48141010360,1317,0,22,0.0,0.016704631738800303,,2025-03
48141010360,1317,0,22,0.0,0.016704631738800303,,2025-06
48141010360,1317,0,23,0.0,0.017463933181473046,,2025-09
48141010360,1317,0,22,0.0,0.016704631738800303,,2025-12
48141010360,1321,0,22,0.0,0.016654049962149888,,2026-03
48141010361,983,0,37,0.0,0.03763987792472025,,2024-12
48141010361,989,0,53,0.0,0.05358948432760364,,2025-03
48141010361,989,0,51,0.0,0.05156723963599596,,2025-06
48141010361,989,0,50,0.0,0.05055611729019211,,2025-09
48141010361,989,0,49,0.0,0.04954499494438827,,2025-12
48141010361,985,0,37,0.0,0.03756345177664975,,2026-03
48141010362,4292,0,485,0.0,0.11300093196644921,,2024-12
48141010362,4915,0,689,0.0,0.14018311291963378,,2025-03
48141010362,4890,0,661,0.0,0.13517382413087933,,2025-06
48141010362,4926,0,542,0.0,0.11002842062525375,,2025-09
48141010362,4926,0,489,0.0,0.09926918392204628,,2025-12
48141010362,5017,0,355,0.0,0.07075941797887184,,2026-03
48141010363,1818,0,131,0.0,0.07205720572057206,,2024-12
48141010363,1936,0,136,0.0,0.07024793388429752,,2025-03
48141010363,1894,0,128,0.0,0.0675818373812038,,2025-06
48141010363,2354,0,445,0.0,0.18903993203058625,,2025-09
48141010363,2354,0,410,0.0,0.17417162276975362,,2025-12
48141010363,2423,0,333,0.0,0.13743293437886916,,2026-03
48141010364,1283,0,257,0.0,0.20031176929072486,,2024-12
48141010364,1291,0,259,0.0,0.20061967467079783,,2025-03
48141010364,1291,0,259,0.0,0.20061967467079783,,2025-06
48141010364,1298,0,259,0.0,0.19953775038520802,,2025-09
48141010364,1328,0,287,0.0,0.2161144578313253,,2025-12
48141010364,1302,0,260,0.0,0.19969278033794163,,2026-03
48141010365,1631,0,95,0.0,0.05824647455548743,,2024-12
48141010365,1555,0,101,0.0,0.06495176848874598,,2025-03
48141010365,1558,0,100,0.0,0.06418485237483953,,2025-06
48141010365,1564,0,102,0.0,0.06521739130434782,,2025-09
48141010365,1564,0,100,0.0,0.0639386189258312,,2025-12
48141010365,1567,0,97,0.0,0.06190172303765156,,2026-03
48141010366,2988,0,44,0.0,0.014725568942436412,,2024-12
48141010366,2814,0,36,0.0,0.01279317697228145,,2025-03
48141010366,2814,0,32,0.0,0.011371712864250177,,2025-06
48141010366,2814,0,21,0.0,0.007462686567164179,,2025-09
48141010366,2814,0,24,0.0,0.008528784648187633,,2025-12
48141010366,2812,0,15,0.0,0.005334281650071123,,2026-03
48141010367,3791,0,38,0.0,0.010023740437879188,,2024-12
48141010367,3469,0,32,0.0,0.009224560392043817,,2025-03
48141010367,3445,0,30,0.0,0.008708272859216255,,2025-06
48141010367,3443,0,28,0.0,0.00813244263723497,,2025-09
48141010367,3443,0,28,0.0,0.00813244263723497,,2025-12
48141010367,3463,0,34,0.0,0.009818076812012706,,2026-03
48141010368,3915,0,21,0.0,0.0053639846743295016,,2024-12
48141010368,3927,0,25,0.0,0.006366182836771072,,2025-03
48141010368,3927,0,26,0.0,0.006620830150241915,,2025-06
48141010368,3947,0,32,0.0,0.008107423359513555,,2025-09
48141010368,3948,0,26,0.0,0.006585612968591692,,2025-12
48141010368,3949,0,28,0.0,0.007090402633578121,,2026-03
48141010369,6187,0,289,0.0,0.046710845320834006,,2024-12
48141010369,6863,0,343,0.0,0.04997814366894944,,2025-03
48141010369,6805,0,276,0.0,0.04055841293166789,,2025-06
48141010369,6892,0,229,0.0,0.03322692977365061,,2025-09
48141010369,6894,0,203,0.0,0.02944589498114302,,2025-12
48141010369,6916,0,180,0.0,0.026026604973973393,,2026-03
48141010370,8987,0,582,0.0,0.06476020919105374,,2024-12
48141010370,9026,0,616,0.0,0.06824728561932196,,2025-03
48141010370,8878,0,509,0.0,0.05733273259743185,,2025-06
48141010370,9180,0,506,0.0,0.055119825708061,,2025-09
48141010370,9181,0,455,0.0,0.04955887158261627,,2025-12
48141010370,9335,0,385,0.0,0.04124263524370648,,2026-03
48141010371,2081,0,60,0.0,0.028832292167227293,,2024-12
48141010371,2105,0,101,0.0,0.047980997624703085,,2025-03
48141010371,2105,0,100,0.0,0.047505938242280284,,2025-06
48141010371,2140,0,116,0.0,0.05420560747663551,,2025-09
48141010371,2142,0,94,0.0,0.04388422035480859,,2025-12
48141010371,2074,0,75,0.0,0.03616200578592092,,2026-03
48141010372,2997,0,354,0.0,0.11811811811811812,,2024-12
48141010372,3282,0,563,0.0,0.17154174283973186,,2025-03
48141010372,3241,0,412,0.0,0.1271212588707189,,2025-06
48141010372,3294,0,212,0.0,0.06435944140862174,,2025-09
48141010372,3294,0,170,0.0,0.05160898603521554,,2025-12
48141010372,3436,0,174,0.0,0.05064027939464494,,2026-03
48141010401,2447,0,210,0.0,0.08581937065794851,,2024-12
48141010401,2367,0,209,0.0,0.08829742289818335,,2025-03
48141010401,2368,0,207,0.0,0.08741554054054054,,2025-06
48141010401,2370,0,197,0.0,0.08312236286919832,,2025-09
48141010401,2370,0,191,0.0,0.08059071729957806,,2025-12
48141010401,2372,0,186,0.0,0.07841483979763912,,2026-03
48141010404,3892,0,2151,0.0,0.552672147995889,,2024-12
48141010404,4041,0,2138,0.0,0.5290769611482307,,2025-03
48141010404,4042,0,2119,0.0,0.5242454230578921,,2025-06
48141010404,4048,0,2103,0.0,0.5195158102766798,,2025-09
48141010404,4048,0,2043,0.0,0.504693675889328,,2025-12
48141010404,4057,0,2043,0.0,0.5035740695094898,,2026-03
48141010406,2915,0,2355,0.0,0.8078902229845626,,2024-12
48141010406,2915,0,2355,0.0,0.8078902229845626,,2025-03
48141010406,2914,0,2353,0.0,0.8074811256005491,,2025-06
48141010406,2916,0,2350,0.0,0.8058984910836763,,2025-09
48141010406,2917,0,2349,0.0,0.805279396640384,,2025-12
48141010406,2844,0,2350,0.0,0.8263009845288326,,2026-03
48141010408,3985,0,2223,0.0,0.5578419071518194,,2024-12
48141010408,3558,0,2209,0.0,0.6208544125913434,,2025-03
48141010408,3562,0,2212,0.0,0.6209994385176867,,2025-06
48141010408,3675,0,2256,0.0,0.6138775510204082,,2025-09
48141010408,3680,0,2215,0.0,0.6019021739130435,,2025-12
48141010408,3693,0,2203,0.0,0.5965339832114812,,2026-03
48141010409,1705,0,56,0.0,0.03284457478005865,,2024-12
48141010409,1705,0,58,0.0,0.03401759530791789,,2025-03
48141010409,1705,0,57,0.0,0.03343108504398827,,2025-06
48141010409,1704,0,48,0.0,0.028169014084507043,,2025-09
48141010409,1703,0,47,0.0,0.02759835584263065,,2025-12
48141010409,1706,0,52,0.0,0.03048065650644783,,2026-03
48141010410,1750,0,180,0.0,0.10285714285714286,,2024-12
48141010410,1768,0,172,0.0,0.09728506787330317,,2025-03
48141010410,1771,0,167,0.0,0.0942970073404856,,2025-06
48141010410,1771,0,162,0.0,0.09147374364765669,,2025-09
48141010410,1771,0,156,0.0,0.088085827216262,,2025-12
48141010410,1852,0,152,0.0,0.08207343412526998,,2026-03
48141010411,1097,0,95,0.0,0.08659981768459435,,2024-12
48141010411,1100,0,95,0.0,0.08636363636363636,,2025-03
48141010411,1101,0,94,0.0,0.08537693006357856,,2025-06
48141010411,1103,0,87,0.0,0.07887579329102448,,2025-09
48141010411,1103,0,86,0.0,0.07796917497733455,,2025-12
48141010411,1104,0,85,0.0,0.0769927536231884,,2026-03
48141010412,1196,0,132,0.0,0.11036789297658862,,2024-12
48141010412,1198,0,132,0.0,0.11018363939899833,,2025-03
48141010412,1198,0,130,0.0,0.10851419031719532,,2025-06
48141010412,1202,0,129,0.0,0.10732113144758736,,2025-09
48141010412,1203,0,126,0.0,0.10473815461346633,,2025-12
48141010412,1207,0,124,0.0,0.10273405136702568,,2026-03
48141010413,411,0,109,0.0,0.26520681265206814,,2024-12
48141010413,410,0,108,0.0,0.2634146341463415,,2025-03
48141010413,410,0,107,0.0,0.26097560975609757,,2025-06
48141010413,410,0,107,0.0,0.26097560975609757,,2025-09
48141010413,410,0,104,0.0,0.25365853658536586,,2025-12
48141010413,489,0,102,0.0,0.2085889570552147,,2026-03
48141010501,1757,0,305,0.0,0.17359134889015368,,2024-12
48141010501,1757,0,300,0.0,0.1707455890722823,,2025-03
48141010501,1759,0,274,0.0,0.1557703240477544,,2025-06
48141010501,1807,0,240,0.0,0.13281682346430548,,2025-09
48141010501,1807,0,207,0.0,0.11455451023796348,,2025-12
48141010501,1805,0,175,0.0,0.09695290858725762,,2026-03
48141010502,178,0,34,0.0,0.19101123595505617,,2024-12
48141010502,155,0,33,0.0,0.2129032258064516,,2025-03
48141010502,155,0,33,0.0,0.2129032258064516,,2025-06
48141010502,155,0,33,0.0,0.2129032258064516,,2025-09
48141010502,155,0,33,0.0,0.2129032258064516,,2025-12
48141010502,155,0,33,0.0,0.2129032258064516,,2026-03
48141010504,204,0,204,0.0,1.0,,2024-12
48141010504,204,0,204,0.0,1.0,,2025-03
48141010504,204,0,204,0.0,1.0,,2025-06
48141010504,204,0,204,0.0,1.0,,2025-09
48141010504,205,0,205,0.0,1.0,,2025-12
48141010504,210,0,210,0.0,1.0,,2026-03
48141010505,6,0,6,0.0,1.0,,2024-12
48141010505,6,0,6,0.0,1.0,,2025-03
48141010505,6,0,6,0.0,1.0,,2025-06
48141010505,6,0,6,0.0,1.0,,2025-09
48141010505,6,0,6,0.0,1.0,,2025-12
48141010505,6,0,6,0.0,1.0,,2026-03
48141010506,201,0,201,0.0,1.0,,2024-12
48141010506,201,0,201,0.0,1.0,,2025-03
48141010506,201,0,201,0.0,1.0,,2025-06
48141010506,202,0,202,0.0,1.0,,2025-09
48141010506,204,0,204,0.0,1.0,,2025-12
48141010506,207,0,207,0.0,1.0,,2026-03
48141010601,927,4,629,0.004314994606256742,0.6785329018338727,1.0,2024-12
48141010601,927,4,629,0.004314994606256742,0.6785329018338727,1.0,2025-03
48141010601,927,4,629,0.004314994606256742,0.6785329018338727,1.0,2025-06
48141010601,927,5,629,0.005393743257820928,0.6785329018338727,0.8,2025-09
48141010601,927,3,629,0.003236245954692557,0.6785329018338727,1.0,2025-12
48141010601,927,2,628,0.002157497303128371,0.6774541531823085,1.0,2026-03
48141010602,1399,4,1,0.0028591851322373124,0.0007147962830593281,1.0,2024-12
48141010602,1399,4,1,0.0028591851322373124,0.0007147962830593281,1.0,2025-03
48141010602,1399,3,1,0.002144388849177984,0.0007147962830593281,1.0,2025-06
48141010602,1399,3,1,0.002144388849177984,0.0007147962830593281,1.0,2025-09
48141010602,1399,3,1,0.002144388849177984,0.0007147962830593281,1.0,2025-12
48141010602,1399,3,1,0.002144388849177984,0.0007147962830593281,1.0,2026-03
48141980000,11,0,11,0.0,1.0,,2024-12
48141980000,11,0,11,0.0,1.0,,2025-03
48141980000,11,0,11,0.0,1.0,,2025-06
48141980000,11,0,11,0.0,1.0,,2025-09
48141980000,10,0,10,0.0,1.0,,2025-12
48141980000,10,0,10,0.0,1.0,,2026-03
